E_over_N_Td,source,energy_eV,eedf_eV_inv
200.0,MCIG GUI actual,0.0007511,0.001530321027290082
200.0,MCIG GUI actual,0.004089,0.0035409375060704764
200.0,MCIG GUI actual,0.01085,0.005876530168396496
200.0,MCIG GUI actual,0.02099,0.00784252803400869
200.0,MCIG GUI actual,0.0345,0.01015570536420103
200.0,MCIG GUI actual,0.0514,0.012343870266018681
200.0,MCIG GUI actual,0.07168,0.014529364696593026
200.0,MCIG GUI actual,0.09534,0.017373195521757204
200.0,MCIG GUI actual,0.1224,0.019221318465500296
200.0,MCIG GUI actual,0.1528,0.02207215919997784
200.0,MCIG GUI actual,0.1866,0.023661486018696793
200.0,MCIG GUI actual,0.2238,0.026049632930472442
200.0,MCIG GUI actual,0.2643,0.02869583606497529
200.0,MCIG GUI actual,0.3083,0.0316121942271265
200.0,MCIG GUI actual,0.3556,0.033542217551154746
200.0,MCIG GUI actual,0.4063,0.035973562308671866
200.0,MCIG GUI actual,0.4604,0.03889898404121144
200.0,MCIG GUI actual,0.5178,0.04070358154157992
200.0,MCIG GUI actual,0.5787,0.04259023058028983
200.0,MCIG GUI actual,0.6429,0.04530589524066429
200.0,MCIG GUI actual,0.7105,0.04762492439911007
200.0,MCIG GUI actual,0.7815,0.04981700747795125
200.0,MCIG GUI actual,0.8558,0.051886235482613445
200.0,MCIG GUI actual,0.9336,0.054068760759057394
200.0,MCIG GUI actual,1.015,0.05587791444187486
200.0,MCIG GUI actual,1.099,0.057616832690526525
200.0,MCIG GUI actual,1.187,0.06013522046234633
200.0,MCIG GUI actual,1.278,0.06215017774789815
200.0,MCIG GUI actual,1.373,0.06425352031700628
200.0,MCIG GUI actual,1.471,0.06574784801590733
200.0,MCIG GUI actual,1.572,0.06741836165813411
200.0,MCIG GUI actual,1.677,0.06911035621624378
200.0,MCIG GUI actual,1.785,0.07076525838389378
200.0,MCIG GUI actual,1.897,0.07178359712140475
200.0,MCIG GUI actual,2.012,0.07292314700132077
200.0,MCIG GUI actual,2.13,0.0743889186454211
200.0,MCIG GUI actual,2.252,0.07594789817224412
200.0,MCIG GUI actual,2.377,0.07651475196341702
200.0,MCIG GUI actual,2.505,0.07734816490283004
200.0,MCIG GUI actual,2.637,0.07838070791932844
200.0,MCIG GUI actual,2.772,0.07917489147211297
200.0,MCIG GUI actual,2.911,0.07987824124212184
200.0,MCIG GUI actual,3.053,0.08082305958754776
200.0,MCIG GUI actual,3.198,0.08097829722942329
200.0,MCIG GUI actual,3.347,0.08120221776977582
200.0,MCIG GUI actual,3.499,0.08183590925163306
200.0,MCIG GUI actual,3.654,0.08214931892666373
200.0,MCIG GUI actual,3.813,0.08203715101271203
200.0,MCIG GUI actual,3.976,0.08251207038288132
200.0,MCIG GUI actual,4.141,0.08288402549865649
200.0,MCIG GUI actual,4.31,0.08253840101381253
200.0,MCIG GUI actual,4.483,0.08273883368596563
200.0,MCIG GUI actual,4.658,0.08252966434585543
200.0,MCIG GUI actual,4.837,0.08220463295860654
200.0,MCIG GUI actual,5.02,0.08161894875546741
200.0,MCIG GUI actual,5.206,0.08156571386102392
200.0,MCIG GUI actual,5.395,0.0809101269026069
200.0,MCIG GUI actual,5.588,0.08067335555378533
200.0,MCIG GUI actual,5.784,0.07983450290118646
200.0,MCIG GUI actual,5.983,0.07891654436131636
200.0,MCIG GUI actual,6.186,0.07846583493261235
200.0,MCIG GUI actual,6.392,0.07771373815782658
200.0,MCIG GUI actual,6.602,0.07721222128423619
200.0,MCIG GUI actual,6.815,0.07593128335693126
200.0,MCIG GUI actual,7.031,0.07498534728592467
200.0,MCIG GUI actual,7.251,0.07414332715966955
200.0,MCIG GUI actual,7.474,0.0732161935595751
200.0,MCIG GUI actual,7.7,0.07190351277233571
200.0,MCIG GUI actual,7.93,0.07094193852385015
200.0,MCIG GUI actual,8.163,0.06949662325197754
200.0,MCIG GUI actual,8.4,0.06824628841120267
200.0,MCIG GUI actual,8.64,0.06679523192977738
200.0,MCIG GUI actual,8.883,0.06535557860685823
200.0,MCIG GUI actual,9.13,0.06380141120359892
200.0,MCIG GUI actual,9.38,0.06253125690811284
200.0,MCIG GUI actual,9.634,0.06075876001338294
200.0,MCIG GUI actual,9.891,0.059334015586215795
200.0,MCIG GUI actual,10.15,0.057786478444515295
200.0,MCIG GUI actual,10.41,0.05581812940849711
200.0,MCIG GUI actual,10.68,0.054233382684415694
200.0,MCIG GUI actual,10.95,0.052472516901210846
200.0,MCIG GUI actual,11.23,0.050659313650996296
200.0,MCIG GUI actual,11.5,0.0487484244507911
200.0,MCIG GUI actual,11.78,0.04660282672313375
200.0,MCIG GUI actual,12.07,0.044476977683466104
200.0,MCIG GUI actual,12.35,0.042435021694875064
200.0,MCIG GUI actual,12.65,0.04020510696813071
200.0,MCIG GUI actual,12.94,0.03814886499403077
200.0,MCIG GUI actual,13.24,0.035928288332050154
200.0,MCIG GUI actual,13.54,0.03384630543915339
200.0,MCIG GUI actual,13.84,0.0317526860363233
200.0,MCIG GUI actual,14.15,0.029694714377429557
200.0,MCIG GUI actual,14.46,0.027750701300895127
200.0,MCIG GUI actual,14.77,0.025781786534212797
200.0,MCIG GUI actual,15.09,0.02406249548307927
200.0,MCIG GUI actual,15.41,0.022247898551790133
200.0,MCIG GUI actual,15.74,0.02061938007989998
200.0,MCIG GUI actual,16.07,0.019026049978561922
200.0,MCIG GUI actual,16.4,0.017460802401893214
200.0,MCIG GUI actual,16.73,0.01594959163753994
200.0,MCIG GUI actual,17.07,0.01455818293051431
200.0,MCIG GUI actual,17.41,0.013299219029317248
200.0,MCIG GUI actual,17.76,0.012044043613213706
200.0,MCIG GUI actual,18.1,0.010957753188042063
200.0,MCIG GUI actual,18.46,0.009827923684292417
200.0,MCIG GUI actual,18.81,0.008874115225072999
200.0,MCIG GUI actual,19.17,0.007959045103804973
200.0,MCIG GUI actual,19.53,0.007134983634662818
200.0,MCIG GUI actual,19.9,0.00639169320901128
200.0,MCIG GUI actual,20.26,0.005751570064267358
200.0,MCIG GUI actual,20.64,0.005104701920265969
200.0,MCIG GUI actual,21.01,0.004516143030696406
200.0,MCIG GUI actual,21.39,0.004049950115143898
200.0,MCIG GUI actual,21.77,0.003613439611752577
200.0,MCIG GUI actual,22.16,0.003151894720226437
200.0,MCIG GUI actual,22.55,0.002796572046951118
200.0,MCIG GUI actual,22.94,0.002473260891718053
200.0,MCIG GUI actual,23.33,0.0021703824084512726
200.0,MCIG GUI actual,23.73,0.0019029101080795313
200.0,MCIG GUI actual,24.13,0.0016732183388017687
200.0,MCIG GUI actual,24.54,0.0014893689574233607
200.0,MCIG GUI actual,24.95,0.0013037057849836363
200.0,MCIG GUI actual,25.36,0.001132325601905711
200.0,MCIG GUI actual,25.78,0.0010048772304287778
200.0,MCIG GUI actual,26.2,0.0008598800758183344
200.0,MCIG GUI actual,26.62,0.0007557639412868105
200.0,MCIG GUI actual,27.04,0.0006542697402728282
200.0,MCIG GUI actual,27.47,0.0005620169917577786
200.0,MCIG GUI actual,27.91,0.0004961617900256733
200.0,MCIG GUI actual,28.34,0.00042566808271863465
200.0,MCIG GUI actual,28.78,0.0003557577994215319
200.0,MCIG GUI actual,29.22,0.0003233359715986826
200.0,MCIG GUI actual,29.67,0.0002717323006880305
200.0,MCIG GUI actual,30.12,0.00024283714843028765
200.0,MCIG GUI actual,30.57,0.00020038429719631079
200.0,MCIG GUI actual,31.03,0.000178846686955657
200.0,MCIG GUI actual,31.49,0.00015118331104547046
200.0,MCIG GUI actual,31.95,0.0001249085626339724
200.0,MCIG GUI actual,32.42,0.0001037088092390226
200.0,MCIG GUI actual,32.89,9.404303342178672e-05
200.0,MCIG GUI actual,33.36,7.95856067162252e-05
200.0,MCIG GUI actual,33.84,6.760827552852687e-05
200.0,MCIG GUI actual,34.32,5.936295243279588e-05
200.0,MCIG GUI actual,34.8,5.121984080082319e-05
200.0,MCIG GUI actual,35.29,4.1916808799273096e-05
200.0,MCIG GUI actual,35.78,3.382107937825752e-05
200.0,MCIG GUI actual,36.27,2.923808547459619e-05
200.0,MCIG GUI actual,36.77,2.4718801965207586e-05
200.0,MCIG GUI actual,37.27,1.9280104538407565e-05
200.0,MCIG GUI actual,37.77,1.919820051374725e-05
200.0,MCIG GUI actual,38.28,1.6660105422271495e-05
200.0,MCIG GUI actual,38.79,1.3130326006790219e-05
200.0,MCIG GUI actual,39.3,1.0192809713410598e-05
200.0,MCIG GUI actual,39.82,9.381618738694417e-06
200.0,MCIG GUI actual,40.34,6.745222406676475e-06
200.0,MCIG GUI actual,40.86,6.180080402416872e-06
200.0,MCIG GUI actual,41.39,4.965487863719432e-06
200.0,MCIG GUI actual,41.92,4.41491554118014e-06
200.0,MCIG GUI actual,42.46,2.763777247868891e-06
200.0,MCIG GUI actual,42.99,2.7171103677826815e-06
200.0,MCIG GUI actual,43.54,2.5598386035267295e-06
200.0,MCIG GUI actual,44.08,1.8066959271874253e-06
200.0,MCIG GUI actual,44.63,1.697079791357474e-06
200.0,MCIG GUI actual,45.18,1.4748679369653556e-06
200.0,MCIG GUI actual,45.73,1.3520176992982662e-06
200.0,MCIG GUI actual,46.29,7.024176189742996e-07
200.0,MCIG GUI actual,46.85,7.870111988656955e-07
200.0,MCIG GUI actual,47.42,6.92690758080251e-07
200.0,MCIG GUI actual,47.98,2.7435750545592806e-07
200.0,MCIG GUI actual,48.55,6.368609541615872e-07
200.0,MCIG GUI actual,49.13,3.047521306242021e-07
200.0,MCIG GUI actual,49.71,4.797858543397314e-07
200.0,MCIG GUI actual,50.29,3.628916867541282e-07
200.0,MCIG GUI actual,50.87,1.4421679187858223e-07
200.0,MCIG GUI actual,51.46,1.8040950800119651e-07
200.0,MCIG GUI actual,52.05,7.472194250704824e-08
200.0,MCIG GUI actual,52.65,1.7815166003633878e-07
200.0,MCIG GUI actual,53.25,1.812290361545059e-07
200.0,MCIG GUI actual,53.85,1.034629780049257e-07
200.0,MCIG GUI actual,54.45,3.3270836783519824e-08
200.0,MCIG GUI actual,55.06,6.897398603486321e-08
200.0,MCIG GUI actual,55.67,1.6713308873355453e-07
200.0,MCIG GUI actual,56.29,1.6409225197459557e-07
200.0,MCIG GUI actual,56.91,0.0
200.0,MCIG GUI actual,57.53,3.2370162547324226e-08
200.0,MCIG GUI actual,58.15,3.26013141202688e-08
200.0,MCIG GUI actual,58.78,3.2427064132581545e-08
200.0,internal MC hold rerun (2048x5000),0.1844310813996937,0.019000005438202964
200.0,internal MC hold rerun (2048x5000),0.5532932441990811,0.0357574515824891
200.0,internal MC hold rerun (2048x5000),0.9221554069984685,0.046494280610348535
200.0,internal MC hold rerun (2048x5000),1.2910175697978559,0.053750398959136414
200.0,internal MC hold rerun (2048x5000),1.6598797325972432,0.060046631966094124
200.0,internal MC hold rerun (2048x5000),2.0287418953966307,0.06468254424788175
200.0,internal MC hold rerun (2048x5000),2.397604058196018,0.06857906390026411
200.0,internal MC hold rerun (2048x5000),2.7664662209954054,0.07169988382996922
200.0,internal MC hold rerun (2048x5000),3.1353283837947927,0.07451355105089985
200.0,internal MC hold rerun (2048x5000),3.50419054659418,0.07639568956489151
200.0,internal MC hold rerun (2048x5000),3.8730527093935674,0.07800804252449789
200.0,internal MC hold rerun (2048x5000),4.241914872192956,0.07892446536051363
200.0,internal MC hold rerun (2048x5000),4.610777034992342,0.0794921280888958
200.0,internal MC hold rerun (2048x5000),4.97963919779173,0.08024291637531347
200.0,internal MC hold rerun (2048x5000),5.348501360591117,0.0802990996145371
200.0,internal MC hold rerun (2048x5000),5.717363523390505,0.07972428147361231
200.0,internal MC hold rerun (2048x5000),6.086225686189891,0.07907313893223278
200.0,internal MC hold rerun (2048x5000),6.45508784898928,0.0778853404501558
200.0,internal MC hold rerun (2048x5000),6.823950011788666,0.07743825967388096
200.0,internal MC hold rerun (2048x5000),7.192812174588054,0.07596848493456843
200.0,internal MC hold rerun (2048x5000),7.561674337387441,0.07477883134553596
200.0,internal MC hold rerun (2048x5000),7.930536500186829,0.07340419709151232
200.0,internal MC hold rerun (2048x5000),8.299398662986217,0.07156525606805615
200.0,internal MC hold rerun (2048x5000),8.668260825785604,0.06980369950617149
200.0,internal MC hold rerun (2048x5000),9.03712298858499,0.0677479759842015
200.0,internal MC hold rerun (2048x5000),9.405985151384378,0.06527458838196461
200.0,internal MC hold rerun (2048x5000),9.774847314183766,0.06286294933981848
200.0,internal MC hold rerun (2048x5000),10.143709476983153,0.06111384849606362
200.0,internal MC hold rerun (2048x5000),10.51257163978254,0.058598853494968337
200.0,internal MC hold rerun (2048x5000),10.881433802581927,0.056370605026136486
200.0,internal MC hold rerun (2048x5000),11.250295965381316,0.053822483115121576
200.0,internal MC hold rerun (2048x5000),11.619158128180702,0.05118452102440422
200.0,internal MC hold rerun (2048x5000),11.98802029098009,0.04829002414326978
200.0,internal MC hold rerun (2048x5000),12.356882453779477,0.04551319404616996
200.0,internal MC hold rerun (2048x5000),12.725744616578865,0.04256569410916396
200.0,internal MC hold rerun (2048x5000),13.094606779378253,0.03995025831719237
200.0,internal MC hold rerun (2048x5000),13.46346894217764,0.037022899541417506
200.0,internal MC hold rerun (2048x5000),13.832331104977026,0.03423838400121629
200.0,internal MC hold rerun (2048x5000),14.201193267776414,0.03159114637572153
200.0,internal MC hold rerun (2048x5000),14.570055430575803,0.02932367564554531
200.0,internal MC hold rerun (2048x5000),14.938917593375189,0.027141009804762965
200.0,internal MC hold rerun (2048x5000),15.307779756174575,0.024975569957139072
200.0,internal MC hold rerun (2048x5000),15.676641918973964,0.022781508459344405
200.0,internal MC hold rerun (2048x5000),16.045504081773352,0.02103373269198663
200.0,internal MC hold rerun (2048x5000),16.41436624457274,0.018806014253713962
200.0,internal MC hold rerun (2048x5000),16.783228407372125,0.017160269368908354
200.0,internal MC hold rerun (2048x5000),17.152090570171513,0.015571502769164632
200.0,internal MC hold rerun (2048x5000),17.5209527329709,0.014067011028256356
200.0,internal MC hold rerun (2048x5000),17.88981489577029,0.012714373042419498
200.0,internal MC hold rerun (2048x5000),18.258677058569674,0.011538235232634347
200.0,internal MC hold rerun (2048x5000),18.627539221369062,0.010225614553980246
200.0,internal MC hold rerun (2048x5000),18.99640138416845,0.009116525609872242
200.0,internal MC hold rerun (2048x5000),19.36526354696784,0.008125898495636706
200.0,internal MC hold rerun (2048x5000),19.734125709767227,0.007342248314578864
200.0,internal MC hold rerun (2048x5000),20.10298787256661,0.006615576418582581
200.0,internal MC hold rerun (2048x5000),20.471850035366,0.005951713143793919
200.0,internal MC hold rerun (2048x5000),20.840712198165388,0.0053358176345688286
200.0,internal MC hold rerun (2048x5000),21.209574360964773,0.004678844757043488
200.0,internal MC hold rerun (2048x5000),21.57843652376416,0.004179290955455967
200.0,internal MC hold rerun (2048x5000),21.94729868656355,0.003728234949990776
200.0,internal MC hold rerun (2048x5000),22.316160849362937,0.0032604829819261106
200.0,internal MC hold rerun (2048x5000),22.685023012162326,0.0029260336993779186
200.0,internal MC hold rerun (2048x5000),23.05388517496171,0.00261119554750207
200.0,internal MC hold rerun (2048x5000),23.4227473377611,0.0023273641833109894
200.0,internal MC hold rerun (2048x5000),23.791609500560487,0.002000865359143472
200.0,internal MC hold rerun (2048x5000),24.160471663359875,0.0018519267721449776
200.0,internal MC hold rerun (2048x5000),24.52933382615926,0.0016348792583518142
200.0,internal MC hold rerun (2048x5000),24.898195988958648,0.0014917710074991528
200.0,internal MC hold rerun (2048x5000),25.267058151758036,0.0012874442271150976
200.0,internal MC hold rerun (2048x5000),25.635920314557424,0.0011790529778581862
200.0,internal MC hold rerun (2048x5000),26.004782477356812,0.0010126233824221563
200.0,internal MC hold rerun (2048x5000),26.373644640156197,0.0009312636916596239
200.0,internal MC hold rerun (2048x5000),26.742506802955585,0.0008069715256413076
200.0,internal MC hold rerun (2048x5000),27.111368965754973,0.0007380675530085522
200.0,internal MC hold rerun (2048x5000),27.480231128554358,0.0006492874344240468
200.0,internal MC hold rerun (2048x5000),27.849093291353746,0.0005628924533537396
200.0,internal MC hold rerun (2048x5000),28.217955454153135,0.0005006138627049031
200.0,internal MC hold rerun (2048x5000),28.586817616952523,0.00043276995118957475
200.0,internal MC hold rerun (2048x5000),28.95567977975191,0.0003975229190351307
200.0,internal MC hold rerun (2048x5000),29.324541942551296,0.00034902512291284135
400.0,MCIG GUI actual,0.001138,0.0013200415869042029
400.0,MCIG GUI actual,0.006195,0.003265899062518048
400.0,MCIG GUI actual,0.01643,0.004943446642520019
400.0,MCIG GUI actual,0.03179,0.006697840934140026
400.0,MCIG GUI actual,0.05227,0.00865363141182702
400.0,MCIG GUI actual,0.07787,0.010484689544563944
400.0,MCIG GUI actual,0.1086,0.012418756634461703
400.0,MCIG GUI actual,0.1444,0.01472446123040171
400.0,MCIG GUI actual,0.1854,0.016508719152951178
400.0,MCIG GUI actual,0.2315,0.018311181593974716
400.0,MCIG GUI actual,0.2827,0.020509924185818033
400.0,MCIG GUI actual,0.339,0.022595214158688804
400.0,MCIG GUI actual,0.4004,0.02479680358823969
400.0,MCIG GUI actual,0.467,0.026936285386052788
400.0,MCIG GUI actual,0.5387,0.028977263151935957
400.0,MCIG GUI actual,0.6155,0.030966197919745437
400.0,MCIG GUI actual,0.6974,0.03323268162309102
400.0,MCIG GUI actual,0.7844,0.035221622275754746
400.0,MCIG GUI actual,0.8766,0.03724162776735392
400.0,MCIG GUI actual,0.9739,0.039625183162750675
400.0,MCIG GUI actual,1.076,0.041022906880257275
400.0,MCIG GUI actual,1.184,0.0433839336733395
400.0,MCIG GUI actual,1.296,0.04505708643896202
400.0,MCIG GUI actual,1.414,0.04690664797146727
400.0,MCIG GUI actual,1.537,0.04869224550442267
400.0,MCIG GUI actual,1.665,0.05034759453871629
400.0,MCIG GUI actual,1.798,0.052207205459514947
400.0,MCIG GUI actual,1.936,0.05353777596999528
400.0,MCIG GUI actual,2.08,0.05448643122819461
400.0,MCIG GUI actual,2.228,0.056712515946925675
400.0,MCIG GUI actual,2.382,0.05768900555399274
400.0,MCIG GUI actual,2.541,0.05926128212085936
400.0,MCIG GUI actual,2.704,0.06002905863894659
400.0,MCIG GUI actual,2.873,0.06119512248471441
400.0,MCIG GUI actual,3.047,0.06183744823519404
400.0,MCIG GUI actual,3.227,0.06292635227836237
400.0,MCIG GUI actual,3.411,0.06366302596880605
400.0,MCIG GUI actual,3.6,0.06424935374542844
400.0,MCIG GUI actual,3.795,0.06463005941325296
400.0,MCIG GUI actual,3.995,0.06531780678918533
400.0,MCIG GUI actual,4.199,0.0658274100850938
400.0,MCIG GUI actual,4.409,0.06596461352461183
400.0,MCIG GUI actual,4.624,0.06622484601764397
400.0,MCIG GUI actual,4.845,0.06645941391087251
400.0,MCIG GUI actual,5.07,0.06631427291757405
400.0,MCIG GUI actual,5.3,0.06625233437968223
400.0,MCIG GUI actual,5.536,0.06648542604959566
400.0,MCIG GUI actual,5.776,0.06587078295367962
400.0,MCIG GUI actual,6.022,0.06584532845125281
400.0,MCIG GUI actual,6.273,0.06526742172967553
400.0,MCIG GUI actual,6.529,0.06499137641892172
400.0,MCIG GUI actual,6.79,0.06458907516171099
400.0,MCIG GUI actual,7.056,0.06381256211989472
400.0,MCIG GUI actual,7.328,0.06343908193598252
400.0,MCIG GUI actual,7.604,0.062380749339530556
400.0,MCIG GUI actual,7.886,0.06170995646907981
400.0,MCIG GUI actual,8.173,0.060927353213017545
400.0,MCIG GUI actual,8.464,0.05992520520003457
400.0,MCIG GUI actual,8.761,0.059238870467068355
400.0,MCIG GUI actual,9.063,0.05824315694535684
400.0,MCIG GUI actual,9.371,0.05701428278008525
400.0,MCIG GUI actual,9.683,0.05581777331141062
400.0,MCIG GUI actual,10.0,0.054510405801657266
400.0,MCIG GUI actual,10.32,0.053335699060949066
400.0,MCIG GUI actual,10.65,0.052210545388356434
400.0,MCIG GUI actual,10.98,0.050918984345150964
400.0,MCIG GUI actual,11.32,0.04956814392838566
400.0,MCIG GUI actual,11.66,0.048060087306471606
400.0,MCIG GUI actual,12.01,0.046571891174605196
400.0,MCIG GUI actual,12.37,0.0445423868230018
400.0,MCIG GUI actual,12.72,0.04313514412262961
400.0,MCIG GUI actual,13.09,0.041424293689272466
400.0,MCIG GUI actual,13.46,0.039664878727627396
400.0,MCIG GUI actual,13.83,0.03808279195436654
400.0,MCIG GUI actual,14.21,0.03624180802444149
400.0,MCIG GUI actual,14.59,0.03447827427902868
400.0,MCIG GUI actual,14.98,0.032827755192968294
400.0,MCIG GUI actual,15.38,0.03111081990883047
400.0,MCIG GUI actual,15.78,0.02958052855466538
400.0,MCIG GUI actual,16.18,0.027868581968577732
400.0,MCIG GUI actual,16.59,0.026252902457470806
400.0,MCIG GUI actual,17.0,0.02478541226612517
400.0,MCIG GUI actual,17.42,0.023310801710831497
400.0,MCIG GUI actual,17.85,0.02174531473005526
400.0,MCIG GUI actual,18.28,0.02035098384629563
400.0,MCIG GUI actual,18.71,0.018968117224864
400.0,MCIG GUI actual,19.15,0.017594713079989017
400.0,MCIG GUI actual,19.6,0.01636311494594669
400.0,MCIG GUI actual,20.05,0.01529025604398113
400.0,MCIG GUI actual,20.51,0.014167560483364317
400.0,MCIG GUI actual,20.97,0.01307718663750401
400.0,MCIG GUI actual,21.43,0.012098125559551467
400.0,MCIG GUI actual,21.9,0.011161644197951001
400.0,MCIG GUI actual,22.38,0.010395775561749164
400.0,MCIG GUI actual,22.86,0.009546560151228614
400.0,MCIG GUI actual,23.35,0.008729696434602106
400.0,MCIG GUI actual,23.84,0.008045913468837285
400.0,MCIG GUI actual,24.34,0.007341434893553648
400.0,MCIG GUI actual,24.84,0.006790443878461944
400.0,MCIG GUI actual,25.35,0.006221853228399458
400.0,MCIG GUI actual,25.86,0.005724725404243376
400.0,MCIG GUI actual,26.37,0.005226278789530227
400.0,MCIG GUI actual,26.9,0.004777603295597859
400.0,MCIG GUI actual,27.42,0.004393475846762485
400.0,MCIG GUI actual,27.96,0.003988849927609222
400.0,MCIG GUI actual,28.49,0.003623152361291741
400.0,MCIG GUI actual,29.04,0.003320761868526005
400.0,MCIG GUI actual,29.58,0.003000735209514318
400.0,MCIG GUI actual,30.14,0.0027407153626613293
400.0,MCIG GUI actual,30.7,0.0025089022906157883
400.0,MCIG GUI actual,31.26,0.0022650885466092693
400.0,MCIG GUI actual,31.83,0.002067807145783898
400.0,MCIG GUI actual,32.4,0.0018679957406839546
400.0,MCIG GUI actual,32.98,0.0016841512034011486
400.0,MCIG GUI actual,33.56,0.0015362188798467044
400.0,MCIG GUI actual,34.15,0.00135751176303587
400.0,MCIG GUI actual,34.75,0.0012132226464165936
400.0,MCIG GUI actual,35.34,0.0011214625976900328
400.0,MCIG GUI actual,35.95,0.0010198127281739724
400.0,MCIG GUI actual,36.56,0.0009184383488615364
400.0,MCIG GUI actual,37.17,0.0008027879585044326
400.0,MCIG GUI actual,37.79,0.0007307661838050212
400.0,MCIG GUI actual,38.42,0.000664556193359877
400.0,MCIG GUI actual,39.05,0.0005944541411888318
400.0,MCIG GUI actual,39.68,0.0005301502508671449
400.0,MCIG GUI actual,40.32,0.00047139053463811646
400.0,MCIG GUI actual,40.97,0.0004200300124148937
400.0,MCIG GUI actual,41.62,0.0003782520219201752
400.0,MCIG GUI actual,42.27,0.0003334710131336515
400.0,MCIG GUI actual,42.93,0.0002976871124252636
400.0,MCIG GUI actual,43.6,0.0002557325727397927
400.0,MCIG GUI actual,44.27,0.0002452672758701402
400.0,MCIG GUI actual,44.94,0.00021599630627035907
400.0,MCIG GUI actual,45.63,0.00019030957860447157
400.0,MCIG GUI actual,46.31,0.000164527906252808
400.0,MCIG GUI actual,47.0,0.00014522240547879803
400.0,MCIG GUI actual,47.7,0.000137866648353147
400.0,MCIG GUI actual,48.4,0.00011806529501648036
400.0,MCIG GUI actual,49.11,0.00010004819086612862
400.0,MCIG GUI actual,49.82,9.523485559919297e-05
400.0,MCIG GUI actual,50.54,7.858774233256198e-05
400.0,MCIG GUI actual,51.26,7.250832027816067e-05
400.0,MCIG GUI actual,51.98,6.281577070488914e-05
400.0,MCIG GUI actual,52.72,5.845226097884868e-05
400.0,MCIG GUI actual,53.45,5.1117330075205204e-05
400.0,MCIG GUI actual,54.2,4.794593316105922e-05
400.0,MCIG GUI actual,54.94,4.177659553484503e-05
400.0,MCIG GUI actual,55.7,3.543394055610565e-05
400.0,MCIG GUI actual,56.45,3.1418988097557954e-05
400.0,MCIG GUI actual,57.22,2.8154297266856498e-05
400.0,MCIG GUI actual,57.99,2.732263078146845e-05
400.0,MCIG GUI actual,58.76,2.2843377524848325e-05
400.0,MCIG GUI actual,59.54,2.0377817102437945e-05
400.0,MCIG GUI actual,60.32,1.5601396686339374e-05
400.0,MCIG GUI actual,61.11,1.324615455749251e-05
400.0,MCIG GUI actual,61.9,1.3041171166381683e-05
400.0,MCIG GUI actual,62.7,1.2631048972238465e-05
400.0,MCIG GUI actual,63.5,9.99394060373953e-06
400.0,MCIG GUI actual,64.31,8.214557255960173e-06
400.0,MCIG GUI actual,65.13,7.682124644857665e-06
400.0,MCIG GUI actual,65.95,6.783309262928644e-06
400.0,MCIG GUI actual,66.77,6.1699853596714084e-06
400.0,MCIG GUI actual,67.6,4.980632570477468e-06
400.0,MCIG GUI actual,68.43,4.529899646472962e-06
400.0,MCIG GUI actual,69.27,3.243800712191351e-06
400.0,MCIG GUI actual,70.12,3.5435048574597815e-06
400.0,MCIG GUI actual,70.97,4.0902826082658684e-06
400.0,MCIG GUI actual,71.82,2.3886827487654063e-06
400.0,MCIG GUI actual,72.68,2.2742903131240305e-06
400.0,MCIG GUI actual,73.55,2.276283519303905e-06
400.0,MCIG GUI actual,74.42,2.2654646406599177e-06
400.0,MCIG GUI actual,75.3,1.6125295329843933e-06
400.0,MCIG GUI actual,76.18,1.5453759483525002e-06
400.0,MCIG GUI actual,77.06,1.360265916897893e-06
400.0,MCIG GUI actual,77.95,7.753088051117978e-07
400.0,MCIG GUI actual,78.85,9.180262724041625e-07
400.0,MCIG GUI actual,79.75,9.971964020894338e-07
400.0,MCIG GUI actual,80.66,6.621759524436639e-07
400.0,MCIG GUI actual,81.57,6.23540799565843e-07
400.0,MCIG GUI actual,82.48,5.217554249865734e-07
400.0,MCIG GUI actual,83.41,3.4769485396521907e-07
400.0,MCIG GUI actual,84.33,4.819690610870037e-07
400.0,MCIG GUI actual,85.26,1.7278681784927885e-07
400.0,MCIG GUI actual,86.2,2.2185968972226948e-07
400.0,MCIG GUI actual,87.14,3.440884221417186e-07
400.0,MCIG GUI actual,88.09,2.4967726691269037e-07
400.0,MCIG GUI actual,89.04,2.4568835473034117e-07
400.0,MCIG GUI actual,90.0,4.3360391949160704e-08
400.0,MCIG GUI actual,90.96,1.620548000167856e-07
400.0,MCIG GUI actual,91.93,8.060109013181735e-08
400.0,MCIG GUI actual,92.9,1.2026403354505552e-07
400.0,MCIG GUI actual,93.88,1.2221448153041599e-07
400.0,MCIG GUI actual,94.86,1.1901315229293507e-07
400.0,MCIG GUI actual,95.85,3.946729519596268e-08
400.0,MCIG GUI actual,96.85,3.926519754742197e-08
400.0,MCIG GUI actual,97.84,0.0
400.0,MCIG GUI actual,98.85,7.773134480088954e-08
400.0,MCIG GUI actual,99.86,0.0
400.0,MCIG GUI actual,100.9,7.695811964491912e-08
400.0,internal MC hold rerun (2048x5000),0.29262967405784757,0.015373706877408527
400.0,internal MC hold rerun (2048x5000),0.8778890221735427,0.028685588517214953
400.0,internal MC hold rerun (2048x5000),1.4631483702892378,0.03668608536065049
400.0,internal MC hold rerun (2048x5000),2.048407718404933,0.04278634096881485
400.0,internal MC hold rerun (2048x5000),2.633667066520628,0.04777455776052389
400.0,internal MC hold rerun (2048x5000),3.2189264146363232,0.05173411775973124
400.0,internal MC hold rerun (2048x5000),3.8041857627520184,0.05495827838535184
400.0,internal MC hold rerun (2048x5000),4.3894451108677135,0.0571883715550607
400.0,internal MC hold rerun (2048x5000),4.974704458983409,0.05887188636735029
400.0,internal MC hold rerun (2048x5000),5.559963807099104,0.06001767902917357
400.0,internal MC hold rerun (2048x5000),6.145223155214799,0.0609955379553789
400.0,internal MC hold rerun (2048x5000),6.730482503330494,0.06105703010931662
400.0,internal MC hold rerun (2048x5000),7.315741851446189,0.0608540057423755
400.0,internal MC hold rerun (2048x5000),7.901001199561884,0.06039064231066542
400.0,internal MC hold rerun (2048x5000),8.48626054767758,0.059657582312500214
400.0,internal MC hold rerun (2048x5000),9.071519895793275,0.05881340198181169
400.0,internal MC hold rerun (2048x5000),9.65677924390897,0.057455227451361085
400.0,internal MC hold rerun (2048x5000),10.242038592024665,0.05611192466466174
400.0,internal MC hold rerun (2048x5000),10.82729794014036,0.05413665631765675
400.0,internal MC hold rerun (2048x5000),11.412557288256055,0.052505610354107515
400.0,internal MC hold rerun (2048x5000),11.99781663637175,0.050185117034180424
400.0,internal MC hold rerun (2048x5000),12.583075984487445,0.04777873521663379
400.0,internal MC hold rerun (2048x5000),13.16833533260314,0.04511168013782942
400.0,internal MC hold rerun (2048x5000),13.753594680718836,0.04241621835747773
400.0,internal MC hold rerun (2048x5000),14.33885402883453,0.039730281177056605
400.0,internal MC hold rerun (2048x5000),14.924113376950226,0.037364337134653806
400.0,internal MC hold rerun (2048x5000),15.509372725065921,0.03489261990354834
400.0,internal MC hold rerun (2048x5000),16.094632073181614,0.03226767358233176
400.0,internal MC hold rerun (2048x5000),16.679891421297313,0.029839234796524856
400.0,internal MC hold rerun (2048x5000),17.265150769413005,0.027605465465439287
400.0,internal MC hold rerun (2048x5000),17.850410117528703,0.025502366961471373
400.0,internal MC hold rerun (2048x5000),18.435669465644395,0.02329098879513486
400.0,internal MC hold rerun (2048x5000),19.020928813760094,0.021326414735771224
400.0,internal MC hold rerun (2048x5000),19.606188161875785,0.019626357197286434
400.0,internal MC hold rerun (2048x5000),20.191447509991484,0.01785077125233466
400.0,internal MC hold rerun (2048x5000),20.776706858107175,0.016308287358315292
400.0,internal MC hold rerun (2048x5000),21.361966206222874,0.01487374893017573
400.0,internal MC hold rerun (2048x5000),21.947225554338566,0.013663456346015587
400.0,internal MC hold rerun (2048x5000),22.532484902454264,0.01234070664337694
400.0,internal MC hold rerun (2048x5000),23.117744250569956,0.01126810301259909
400.0,internal MC hold rerun (2048x5000),23.703003598685655,0.010192324515177716
400.0,internal MC hold rerun (2048x5000),24.288262946801346,0.009304030247968642
400.0,internal MC hold rerun (2048x5000),24.873522294917045,0.008403036514185471
400.0,internal MC hold rerun (2048x5000),25.458781643032736,0.007689359912370204
400.0,internal MC hold rerun (2048x5000),26.044040991148435,0.007041520018846956
400.0,internal MC hold rerun (2048x5000),26.629300339264127,0.006394014321812501
400.0,internal MC hold rerun (2048x5000),27.214559687379825,0.0057191045126971035
400.0,internal MC hold rerun (2048x5000),27.799819035495517,0.00527479028084817
400.0,internal MC hold rerun (2048x5000),28.385078383611216,0.004750937284666746
400.0,internal MC hold rerun (2048x5000),28.970337731726907,0.00434505564902889
400.0,internal MC hold rerun (2048x5000),29.555597079842606,0.003943518567745329
400.0,internal MC hold rerun (2048x5000),30.140856427958298,0.0035807482791616386
400.0,internal MC hold rerun (2048x5000),30.726115776073996,0.003262760320076072
400.0,internal MC hold rerun (2048x5000),31.311375124189688,0.00294042780663621
400.0,internal MC hold rerun (2048x5000),31.896634472305383,0.002666887980559993
400.0,internal MC hold rerun (2048x5000),32.48189382042108,0.0024413053506253776
400.0,internal MC hold rerun (2048x5000),33.06715316853678,0.0021881515103654567
400.0,internal MC hold rerun (2048x5000),33.652412516652475,0.002005011834507479
400.0,internal MC hold rerun (2048x5000),34.23767186476816,0.0017700717028867172
400.0,internal MC hold rerun (2048x5000),34.82293121288386,0.0016342208301927579
400.0,internal MC hold rerun (2048x5000),35.40819056099956,0.0014759787927497577
400.0,internal MC hold rerun (2048x5000),35.993449909115256,0.0013549996638070794
400.0,internal MC hold rerun (2048x5000),36.57870925723094,0.001228673391043711
400.0,internal MC hold rerun (2048x5000),37.16396860534664,0.001125406676006976
400.0,internal MC hold rerun (2048x5000),37.74922795346234,0.0010218057644814636
400.0,internal MC hold rerun (2048x5000),38.33448730157804,0.0009131919056240828
400.0,internal MC hold rerun (2048x5000),38.91974664969372,0.0008505300639755867
400.0,internal MC hold rerun (2048x5000),39.50500599780942,0.0007611325032237232
400.0,internal MC hold rerun (2048x5000),40.09026534592512,0.0006780846757589174
400.0,internal MC hold rerun (2048x5000),40.67552469404082,0.0006261171217517728
400.0,internal MC hold rerun (2048x5000),41.2607840421565,0.0005535964836839134
400.0,internal MC hold rerun (2048x5000),41.8460433902722,0.000507978662963802
400.0,internal MC hold rerun (2048x5000),42.4313027383879,0.0004616924492661135
400.0,internal MC hold rerun (2048x5000),43.0165620865036,0.00041457074434645005
400.0,internal MC hold rerun (2048x5000),43.60182143461928,0.0003853285515771519
400.0,internal MC hold rerun (2048x5000),44.18708078273498,0.00034321979398935833
400.0,internal MC hold rerun (2048x5000),44.77234013085068,0.00031548148541962447
400.0,internal MC hold rerun (2048x5000),45.35759947896638,0.000288244471583082
400.0,internal MC hold rerun (2048x5000),45.94285882708206,0.0002608403595021397
400.0,internal MC hold rerun (2048x5000),46.52811817519776,0.00023326914917679858
600.0,MCIG GUI actual,0.00196,0.001008670242749826
600.0,MCIG GUI actual,0.01067,0.0029047435024557623
600.0,MCIG GUI actual,0.0283,0.00471464613747809
600.0,MCIG GUI actual,0.05476,0.006753646256376116
600.0,MCIG GUI actual,0.09004,0.008924793479946035
600.0,MCIG GUI actual,0.1341,0.010517416853724194
600.0,MCIG GUI actual,0.1871,0.012688738414649445
600.0,MCIG GUI actual,0.2488,0.014809679108376854
600.0,MCIG GUI actual,0.3194,0.017106511120795222
600.0,MCIG GUI actual,0.3987,0.018921787282772457
600.0,MCIG GUI actual,0.4869,0.020868367639097597
600.0,MCIG GUI actual,0.584,0.02328951265010103
600.0,MCIG GUI actual,0.6898,0.025590434029692726
600.0,MCIG GUI actual,0.8045,0.027637144947014726
600.0,MCIG GUI actual,0.9279,0.02939697803615161
600.0,MCIG GUI actual,1.06,0.031600094764939274
600.0,MCIG GUI actual,1.201,0.03388278597542977
600.0,MCIG GUI actual,1.351,0.03565981918996606
600.0,MCIG GUI actual,1.51,0.03765072324586524
600.0,MCIG GUI actual,1.678,0.039485300910551836
600.0,MCIG GUI actual,1.854,0.04160381936106304
600.0,MCIG GUI actual,2.039,0.04319321589654432
600.0,MCIG GUI actual,2.233,0.044764985309537646
600.0,MCIG GUI actual,2.436,0.046510455739332386
600.0,MCIG GUI actual,2.648,0.04751733821127579
600.0,MCIG GUI actual,2.868,0.04893871866760826
600.0,MCIG GUI actual,3.098,0.05037388243036901
600.0,MCIG GUI actual,3.336,0.051264801308618144
600.0,MCIG GUI actual,3.583,0.05228640564193493
600.0,MCIG GUI actual,3.839,0.053191368244906466
600.0,MCIG GUI actual,4.103,0.05382312638848333
600.0,MCIG GUI actual,4.377,0.054549345079368726
600.0,MCIG GUI actual,4.659,0.05515025470915235
600.0,MCIG GUI actual,4.95,0.055460384480836795
600.0,MCIG GUI actual,5.25,0.05581021694233512
600.0,MCIG GUI actual,5.558,0.05604007602755251
600.0,MCIG GUI actual,5.876,0.05602830391210473
600.0,MCIG GUI actual,6.202,0.056084716637696264
600.0,MCIG GUI actual,6.537,0.05599683108113783
600.0,MCIG GUI actual,6.881,0.05574097209163612
600.0,MCIG GUI actual,7.234,0.05531850862815126
600.0,MCIG GUI actual,7.596,0.05484185894570191
600.0,MCIG GUI actual,7.966,0.05419155868596593
600.0,MCIG GUI actual,8.346,0.053721191410435847
600.0,MCIG GUI actual,8.734,0.05300517072367216
600.0,MCIG GUI actual,9.131,0.052174845393631535
600.0,MCIG GUI actual,9.536,0.05083653966734652
600.0,MCIG GUI actual,9.951,0.0500981249652163
600.0,MCIG GUI actual,10.37,0.04891350938546936
600.0,MCIG GUI actual,10.81,0.047905200436437874
600.0,MCIG GUI actual,11.25,0.04664324416087931
600.0,MCIG GUI actual,11.7,0.045360670846668213
600.0,MCIG GUI actual,12.16,0.043813200403266264
600.0,MCIG GUI actual,12.62,0.04245649975324457
600.0,MCIG GUI actual,13.1,0.04080599210170672
600.0,MCIG GUI actual,13.58,0.03913305638233422
600.0,MCIG GUI actual,14.08,0.0374840618988867
600.0,MCIG GUI actual,14.58,0.03583669325194259
600.0,MCIG GUI actual,15.09,0.034191370601289336
600.0,MCIG GUI actual,15.61,0.032408822190000866
600.0,MCIG GUI actual,16.14,0.03091309097835339
600.0,MCIG GUI actual,16.68,0.029202933247465413
600.0,MCIG GUI actual,17.23,0.02744185652824171
600.0,MCIG GUI actual,17.78,0.02588441781223751
600.0,MCIG GUI actual,18.35,0.02431008683767617
600.0,MCIG GUI actual,18.92,0.022809997101396254
600.0,MCIG GUI actual,19.5,0.021332297708219962
600.0,MCIG GUI actual,20.09,0.019992370961519453
600.0,MCIG GUI actual,20.69,0.01854154813076427
600.0,MCIG GUI actual,21.3,0.01724968885935645
600.0,MCIG GUI actual,21.92,0.016068591751471135
600.0,MCIG GUI actual,22.55,0.014820518204745064
600.0,MCIG GUI actual,23.18,0.01387541194478893
600.0,MCIG GUI actual,23.82,0.012786429229413004
600.0,MCIG GUI actual,24.48,0.011845632535986202
600.0,MCIG GUI actual,25.14,0.010968341435558136
600.0,MCIG GUI actual,25.81,0.010158408511090962
600.0,MCIG GUI actual,26.49,0.009371594454666255
600.0,MCIG GUI actual,27.18,0.008528874844188534
600.0,MCIG GUI actual,27.87,0.00793377598249867
600.0,MCIG GUI actual,28.58,0.007314071776796219
600.0,MCIG GUI actual,29.29,0.006706196979019159
600.0,MCIG GUI actual,30.02,0.006109286246641288
600.0,MCIG GUI actual,30.75,0.005613607706884942
600.0,MCIG GUI actual,31.49,0.005203306202853023
600.0,MCIG GUI actual,32.24,0.004729000445300527
600.0,MCIG GUI actual,33.0,0.004304272722048625
600.0,MCIG GUI actual,33.76,0.003942231565279804
600.0,MCIG GUI actual,34.54,0.0035401980138502075
600.0,MCIG GUI actual,35.33,0.0032498471104597092
600.0,MCIG GUI actual,36.12,0.002965880780707807
600.0,MCIG GUI actual,36.92,0.0027178193620859188
600.0,MCIG GUI actual,37.73,0.002439787327700424
600.0,MCIG GUI actual,38.55,0.0021870621595280037
600.0,MCIG GUI actual,39.38,0.0020197686743832696
600.0,MCIG GUI actual,40.22,0.0018352693355466042
600.0,MCIG GUI actual,41.07,0.0016563387061453772
600.0,MCIG GUI actual,41.92,0.0015009045245586825
600.0,MCIG GUI actual,42.79,0.0013686254256942234
600.0,MCIG GUI actual,43.66,0.0012438386360276881
600.0,MCIG GUI actual,44.54,0.0010945339003392393
600.0,MCIG GUI actual,45.43,0.0009968958894659798
600.0,MCIG GUI actual,46.33,0.0009089087031107966
600.0,MCIG GUI actual,47.24,0.0008047257922051935
600.0,MCIG GUI actual,48.16,0.0007292451779751925
600.0,MCIG GUI actual,49.09,0.000667314751884164
600.0,MCIG GUI actual,50.02,0.0005877866418181221
600.0,MCIG GUI actual,50.96,0.0005466818600058433
600.0,MCIG GUI actual,51.92,0.00048612694309207576
600.0,MCIG GUI actual,52.88,0.0004235669756124244
600.0,MCIG GUI actual,53.85,0.0003843722517977809
600.0,MCIG GUI actual,54.83,0.0003580937140004836
600.0,MCIG GUI actual,55.81,0.0003101197818325846
600.0,MCIG GUI actual,56.81,0.00027686447433674104
600.0,MCIG GUI actual,57.82,0.00024413807049867648
600.0,MCIG GUI actual,58.83,0.00021995217393837223
600.0,MCIG GUI actual,59.85,0.00019890441215242457
600.0,MCIG GUI actual,60.89,0.00017126097553987553
600.0,MCIG GUI actual,61.93,0.00015693850629671304
600.0,MCIG GUI actual,62.98,0.00014380360860069552
600.0,MCIG GUI actual,64.04,0.00013167624019248852
600.0,MCIG GUI actual,65.1,0.0001112101722188561
600.0,MCIG GUI actual,66.18,9.865679934563086e-05
600.0,MCIG GUI actual,67.26,8.743526642011658e-05
600.0,MCIG GUI actual,68.36,7.659831428408434e-05
600.0,MCIG GUI actual,69.46,7.186974621054129e-05
600.0,MCIG GUI actual,70.57,6.329746055262044e-05
600.0,MCIG GUI actual,71.69,5.15525157290041e-05
600.0,MCIG GUI actual,72.82,4.7215062808593085e-05
600.0,MCIG GUI actual,73.96,4.704397168773215e-05
600.0,MCIG GUI actual,75.1,3.958474063218938e-05
600.0,MCIG GUI actual,76.26,3.19763996150244e-05
600.0,MCIG GUI actual,77.42,2.8345328905223824e-05
600.0,MCIG GUI actual,78.6,2.6070987942282333e-05
600.0,MCIG GUI actual,79.78,2.382925951699433e-05
600.0,MCIG GUI actual,80.97,2.154881767999237e-05
600.0,MCIG GUI actual,82.17,1.979610588079628e-05
600.0,MCIG GUI actual,83.38,1.6878629031253074e-05
600.0,MCIG GUI actual,84.59,1.4854881526011916e-05
600.0,MCIG GUI actual,85.82,1.297348398485945e-05
600.0,MCIG GUI actual,87.06,1.0399193686602221e-05
600.0,MCIG GUI actual,88.3,9.551141320675625e-06
600.0,MCIG GUI actual,89.55,9.3537246756238e-06
600.0,MCIG GUI actual,90.81,7.299428536748872e-06
600.0,MCIG GUI actual,92.08,7.8867131677058e-06
600.0,MCIG GUI actual,93.36,5.768624764741909e-06
600.0,MCIG GUI actual,94.65,4.9847776265831255e-06
600.0,MCIG GUI actual,95.95,5.1396735991898605e-06
600.0,MCIG GUI actual,97.25,4.415116445216152e-06
600.0,MCIG GUI actual,98.57,4.27520226572027e-06
600.0,MCIG GUI actual,99.89,3.186421360291211e-06
600.0,MCIG GUI actual,101.2,2.481414103467056e-06
600.0,MCIG GUI actual,102.6,2.6243262929601327e-06
600.0,MCIG GUI actual,103.9,3.16861087442712e-06
600.0,MCIG GUI actual,105.3,2.148107057160031e-06
600.0,MCIG GUI actual,106.6,1.7587556601092057e-06
600.0,MCIG GUI actual,108.0,1.5191830218464416e-06
600.0,MCIG GUI actual,109.4,1.1551684577163262e-06
600.0,MCIG GUI actual,110.8,1.1479046442225022e-06
600.0,MCIG GUI actual,112.2,5.665505838738494e-07
600.0,MCIG GUI actual,113.6,7.489892119719622e-07
600.0,MCIG GUI actual,115.0,9.343228913191388e-07
600.0,MCIG GUI actual,116.5,3.700860481576012e-07
600.0,MCIG GUI actual,117.9,4.725155807072566e-07
600.0,MCIG GUI actual,119.3,3.606788745831474e-07
600.0,MCIG GUI actual,120.8,3.6111472809541777e-07
600.0,MCIG GUI actual,122.3,2.464652059218321e-07
600.0,MCIG GUI actual,123.7,2.8078279168804874e-07
600.0,MCIG GUI actual,125.2,3.7384269854048543e-07
600.0,MCIG GUI actual,126.7,2.0004830449049416e-07
600.0,MCIG GUI actual,128.2,1.0762785196746771e-07
600.0,MCIG GUI actual,129.7,1.3032272395162145e-07
600.0,MCIG GUI actual,131.2,1.9432605955535553e-07
600.0,MCIG GUI actual,132.8,1.0357800268014605e-07
600.0,MCIG GUI actual,134.3,9.826133501678894e-08
600.0,MCIG GUI actual,135.8,0.0
600.0,MCIG GUI actual,137.4,1.3098220470569348e-07
600.0,MCIG GUI actual,138.9,3.147414693987863e-08
600.0,MCIG GUI actual,140.5,6.474882988267569e-08
600.0,MCIG GUI actual,142.1,6.439286708937258e-08
600.0,MCIG GUI actual,143.7,3.0958433492550943e-08
600.0,MCIG GUI actual,145.3,6.157592757614625e-08
600.0,MCIG GUI actual,146.9,3.0618851153627596e-08
600.0,MCIG GUI actual,148.5,0.0
600.0,MCIG GUI actual,150.1,0.0
600.0,MCIG GUI actual,151.7,0.0
600.0,MCIG GUI actual,153.4,3.416861832007532e-08
600.0,MCIG GUI actual,155.0,0.0
600.0,MCIG GUI actual,156.7,0.0
600.0,MCIG GUI actual,158.4,2.756460647484496e-08
600.0,MCIG GUI actual,160.0,0.0
600.0,MCIG GUI actual,161.7,0.0
600.0,MCIG GUI actual,163.4,0.0
600.0,MCIG GUI actual,165.1,0.0
600.0,MCIG GUI actual,166.8,2.8725169240592514e-08
600.0,internal MC hold rerun (2048x5000),0.43420611926671127,0.013481016834763966
600.0,internal MC hold rerun (2048x5000),1.3026183578001338,0.024932716861828203
600.0,internal MC hold rerun (2048x5000),2.1710305963335563,0.03182664906450505
600.0,internal MC hold rerun (2048x5000),3.039442834866979,0.037071557190139645
600.0,internal MC hold rerun (2048x5000),3.9078550734004014,0.04116026727446254
600.0,internal MC hold rerun (2048x5000),4.7762673119338235,0.04423426263196007
600.0,internal MC hold rerun (2048x5000),5.644679550467247,0.046274393450958115
600.0,internal MC hold rerun (2048x5000),6.5130917890006685,0.047814376247409016
600.0,internal MC hold rerun (2048x5000),7.381504027534092,0.048744719156917325
600.0,internal MC hold rerun (2048x5000),8.249916266067514,0.04889848088006526
600.0,internal MC hold rerun (2048x5000),9.118328504600935,0.0487794141098328
600.0,internal MC hold rerun (2048x5000),9.986740743134359,0.04806388702892742
600.0,internal MC hold rerun (2048x5000),10.855152981667782,0.04725508910057416
600.0,internal MC hold rerun (2048x5000),11.723565220201206,0.045714430428417205
600.0,internal MC hold rerun (2048x5000),12.591977458734625,0.04376238874312003
600.0,internal MC hold rerun (2048x5000),13.460389697268049,0.041596545042778967
600.0,internal MC hold rerun (2048x5000),14.328801935801472,0.039337768432843076
600.0,internal MC hold rerun (2048x5000),15.197214174334896,0.037028864374701535
600.0,internal MC hold rerun (2048x5000),16.065626412868315,0.03449342930905038
600.0,internal MC hold rerun (2048x5000),16.93403865140174,0.03209733728481601
600.0,internal MC hold rerun (2048x5000),17.802450889935162,0.02967815284062176
600.0,internal MC hold rerun (2048x5000),18.670863128468582,0.027350774846512292
600.0,internal MC hold rerun (2048x5000),19.539275367002006,0.025095490261058048
600.0,internal MC hold rerun (2048x5000),20.40768760553543,0.023071805750909526
600.0,internal MC hold rerun (2048x5000),21.276099844068852,0.021189379263345267
600.0,internal MC hold rerun (2048x5000),22.144512082602276,0.01932508877389589
600.0,internal MC hold rerun (2048x5000),23.0129243211357,0.01777823457443259
600.0,internal MC hold rerun (2048x5000),23.88133655966912,0.016183618491734914
600.0,internal MC hold rerun (2048x5000),24.749748798202543,0.014774304998472005
600.0,internal MC hold rerun (2048x5000),25.618161036735962,0.013590621345110488
600.0,internal MC hold rerun (2048x5000),26.486573275269386,0.012399953642785361
600.0,internal MC hold rerun (2048x5000),27.35498551380281,0.011289039273785379
600.0,internal MC hold rerun (2048x5000),28.223397752336233,0.010302936618520131
600.0,internal MC hold rerun (2048x5000),29.091809990869656,0.009461020780565774
600.0,internal MC hold rerun (2048x5000),29.96022222940308,0.008586775554667525
600.0,internal MC hold rerun (2048x5000),30.8286344679365,0.007800619462470077
600.0,internal MC hold rerun (2048x5000),31.69704670646992,0.0071269966753458
600.0,internal MC hold rerun (2048x5000),32.56545894500334,0.006559599020037221
600.0,internal MC hold rerun (2048x5000),33.433871183536766,0.005978571204654751
600.0,internal MC hold rerun (2048x5000),34.30228342207019,0.005417594368554576
600.0,internal MC hold rerun (2048x5000),35.17069566060361,0.004949550442049311
600.0,internal MC hold rerun (2048x5000),36.039107899137036,0.004522171703863756
600.0,internal MC hold rerun (2048x5000),36.90752013767046,0.0040905124195392845
600.0,internal MC hold rerun (2048x5000),37.77593237620388,0.0037838901408516297
600.0,internal MC hold rerun (2048x5000),38.6443446147373,0.0034503454798691453
600.0,internal MC hold rerun (2048x5000),39.51275685327072,0.003159380988373814
600.0,internal MC hold rerun (2048x5000),40.381169091804146,0.002856813963922997
600.0,internal MC hold rerun (2048x5000),41.24958133033757,0.0026253265345684068
600.0,internal MC hold rerun (2048x5000),42.11799356887099,0.0024011610920303857
600.0,internal MC hold rerun (2048x5000),42.98640580740442,0.0021904005176642356
600.0,internal MC hold rerun (2048x5000),43.85481804593784,0.0019786261297388683
600.0,internal MC hold rerun (2048x5000),44.72323028447126,0.0018182182954805052
600.0,internal MC hold rerun (2048x5000),45.59164252300468,0.0016504884744055872
600.0,internal MC hold rerun (2048x5000),46.4600547615381,0.0015211709226298708
600.0,internal MC hold rerun (2048x5000),47.32846700007153,0.0013934304141685059
600.0,internal MC hold rerun (2048x5000),48.19687923860495,0.0013046654047614902
600.0,internal MC hold rerun (2048x5000),49.06529147713837,0.0011497772221033093
600.0,internal MC hold rerun (2048x5000),49.9337037156718,0.00106799626165979
600.0,internal MC hold rerun (2048x5000),50.80211595420522,0.0010016477965065767
600.0,internal MC hold rerun (2048x5000),51.670528192738644,0.0009412695667576498
600.0,internal MC hold rerun (2048x5000),52.53894043127206,0.0008241177776925454
600.0,internal MC hold rerun (2048x5000),53.40735266980548,0.0007554037475678254
600.0,internal MC hold rerun (2048x5000),54.27576490833891,0.0007006578153700975
600.0,internal MC hold rerun (2048x5000),55.14417714687233,0.0006337461204617634
600.0,internal MC hold rerun (2048x5000),56.012589385405754,0.0005773104989986736
600.0,internal MC hold rerun (2048x5000),56.88100162393918,0.0005241416101152835
600.0,internal MC hold rerun (2048x5000),57.7494138624726,0.0004777314782933414
600.0,internal MC hold rerun (2048x5000),58.617826101006024,0.0004555402259415875
600.0,internal MC hold rerun (2048x5000),59.48623833953944,0.0004036104425194662
600.0,internal MC hold rerun (2048x5000),60.354650578072864,0.0003764627683226472
600.0,internal MC hold rerun (2048x5000),61.22306281660629,0.00034075400184799753
600.0,internal MC hold rerun (2048x5000),62.09147505513971,0.00031383161955323015
600.0,internal MC hold rerun (2048x5000),62.959887293673134,0.000289725386034066
600.0,internal MC hold rerun (2048x5000),63.82829953220656,0.00027147674196815894
600.0,internal MC hold rerun (2048x5000),64.69671177073997,0.0002446670056244135
600.0,internal MC hold rerun (2048x5000),65.5651240092734,0.00022889657248103504
600.0,internal MC hold rerun (2048x5000),66.43353624780681,0.0001943142655166267
600.0,internal MC hold rerun (2048x5000),67.30194848634025,0.00019307516005536126
600.0,internal MC hold rerun (2048x5000),68.17036072487366,0.0001760656214507174
600.0,internal MC hold rerun (2048x5000),69.0387729634071,0.000160295188307339
