case_id,E_over_N_Td,energy_eV,eedf,sample_count,effective_sample_count,relative_standard_error
fixed_warmup_hp_0000,100.0,0.25,0.027604822951706926,12575,6213.097609919633,0.012686619415457154
fixed_warmup_hp_0000,100.0,0.75,0.05995940393073229,27501,13815.110346755622,0.00850790870328154
fixed_warmup_hp_0000,100.0,1.25,0.07524450750654588,34834,17427.336691292887,0.007575032302158609
fixed_warmup_hp_0000,100.0,1.75,0.08546250201458921,39311,19642.19423686882,0.007135181079978432
fixed_warmup_hp_0000,100.0,2.25,0.08903863085984412,41244,20517.84710363058,0.00698126470772923
fixed_warmup_hp_0000,100.0,2.75,0.08956315728914159,41804,20936.372116881565,0.006911133555238241
fixed_warmup_hp_0000,100.0,3.25,0.091987801414549,41996,20946.82295757492,0.006909409280222203
fixed_warmup_hp_0000,100.0,3.75,0.09475440524538851,43983,22057.716839099252,0.006733172195852561
fixed_warmup_hp_0000,100.0,4.25,0.09847490023140255,45418,22651.124956751737,0.006644389940559204
fixed_warmup_hp_0000,100.0,4.75,0.09684247184725588,45095,22798.51151082499,0.006622877974866305
fixed_warmup_hp_0000,100.0,5.25,0.09448267275700498,43283,21778.993999681727,0.006776120061699453
fixed_warmup_hp_0000,100.0,5.75,0.0946612210974788,43759,21787.145897518934,0.00677485226355142
fixed_warmup_hp_0000,100.0,6.25,0.0918166494444145,42130,21078.44953784979,0.006887802231478619
fixed_warmup_hp_0000,100.0,6.75,0.08964766247316687,41072,20584.508701488026,0.006969951354174499
fixed_warmup_hp_0000,100.0,7.25,0.08433308042082412,38550,19510.41744299972,0.007159236663939864
fixed_warmup_hp_0000,100.0,7.75,0.07805431817850958,35999,17731.17614863073,0.007509849399364235
fixed_warmup_hp_0000,100.0,8.25,0.07536897665161606,34982,17394.093368424197,0.007582267489293819
fixed_warmup_hp_0000,100.0,8.75,0.0704456544949763,32459,16227.736433560758,0.00785002477323716
fixed_warmup_hp_0000,100.0,9.25,0.0663283361945734,30796,15515.205821414105,0.008028256311393188
fixed_warmup_hp_0000,100.0,9.75,0.06038973373871082,28083,14029.612574546894,0.00844261841857533
fixed_warmup_hp_0000,100.0,10.25,0.05434317065473607,25108,12475.041105499246,0.00895321487017326
fixed_warmup_hp_0000,100.0,10.75,0.05045221843707238,23338,11799.96074797917,0.009205761490213838
fixed_warmup_hp_0000,100.0,11.25,0.04524199460386884,20936,10464.486348237577,0.009775546415146321
fixed_warmup_hp_0000,100.0,11.75,0.040407657612036095,18512,9281.185887574164,0.010380021773441203
fixed_warmup_hp_0000,100.0,12.25,0.034685082013247576,15902,7812.77493328946,0.011313509431272866
fixed_warmup_hp_0000,100.0,12.75,0.030336284084606795,13798,7009.918884430855,0.011943826986062929
fixed_warmup_hp_0000,100.0,13.25,0.025831022316073142,11968,5949.995592749027,0.012964079272384596
fixed_warmup_hp_0000,100.0,13.75,0.02110102547212937,9673,4861.916911562516,0.014341554699768066
fixed_warmup_hp_0000,100.0,14.25,0.018002763260646298,8074,4000.327556850343,0.01581074094953102
fixed_warmup_hp_0000,100.0,14.75,0.013668832467516916,6303,3166.3799458182766,0.017771270886858478
fixed_warmup_hp_0000,100.0,15.25,0.010573738494531616,4795,2411.4923586877417,0.020363717095877688
fixed_warmup_hp_0000,100.0,15.75,0.009241635370228382,4191,2097.319178056464,0.021835731023803956
fixed_warmup_hp_0000,100.0,16.25,0.0071871154530927335,3271,1687.502090579909,0.024343209699071278
fixed_warmup_hp_0000,100.0,16.75,0.006017777642570641,2738,1357.4057751229866,0.02714220671205595
fixed_warmup_hp_0000,100.0,17.25,0.004474939133180533,1983,1006.519859917913,0.031520189931229264
fixed_warmup_hp_0000,100.0,17.75,0.0035511742986273276,1576,758.2786306048988,0.036314961782096415
fixed_warmup_hp_0000,100.0,18.25,0.002575799115953487,1201,582.6671198215732,0.041427597140305375
fixed_warmup_hp_0000,100.0,18.75,0.0018718091266376564,821,423.2594637554841,0.04860675868041854
fixed_warmup_hp_0000,100.0,19.25,0.0015630539762491636,704,364.6968700307374,0.05236414080339762
fixed_warmup_hp_0000,100.0,19.75,0.0011870511567907127,481,237.4397464733626,0.06489680110319515
fixed_warmup_hp_0000,100.0,20.25,0.0007506448092341993,305,154.70025087410872,0.08039971161919834
fixed_warmup_hp_0000,100.0,20.75,0.0005738986562360176,234,120.24228644164951,0.0911950754647744
fixed_warmup_hp_0000,100.0,21.25,0.0004582218148352418,201,109.66039801800952,0.09549378140756482
fixed_warmup_hp_0000,100.0,21.75,0.00036517509075091115,162,80.19134680633766,0.11166993060718529
fixed_warmup_hp_0000,100.0,22.25,0.0002577296411970357,109,56.01955000108779,0.13360730135837556
fixed_warmup_hp_0000,100.0,22.75,0.00028420016256629454,122,60.928972390483686,0.1281114873350389
fixed_warmup_hp_0000,100.0,23.25,0.0001656955222982726,73,39.70765338086844,0.15869487037611654
fixed_warmup_hp_0000,100.0,23.75,9.600221568274125e-05,32,18.27999210665015,0.23389018535968378
fixed_warmup_hp_0000,100.0,24.25,6.642551937400182e-05,30,17.981154866590888,0.23582574182281124
fixed_warmup_hp_0000,100.0,24.75,5.914527681047298e-05,23,10.901870735181534,0.30286527758099535
fixed_warmup_hp_0000,100.0,25.25,3.648467784178263e-05,14,7.801616164987632,0.3580203479183277
fixed_warmup_hp_0000,100.0,25.75,3.709431061097896e-05,18,10.541520524882232,0.30799833634032553
fixed_warmup_hp_0000,100.0,26.25,4.817362577361826e-05,15,5.746145514685116,0.4171686750790314
fixed_warmup_hp_0000,100.0,26.75,2.6055244560975848e-05,15,11.30782854957765,0.29737906557096894
fixed_warmup_hp_0000,100.0,27.25,0.0,0,0.0,
fixed_warmup_hp_0000,100.0,27.75,0.0,0,0.0,
fixed_warmup_hp_0000,100.0,28.25,0.0,0,0.0,
fixed_warmup_hp_0000,100.0,28.75,0.0,0,0.0,
fixed_warmup_hp_0000,100.0,29.25,0.0,0,0.0,
fixed_warmup_hp_0000,100.0,29.75,0.0,0,0.0,
fixed_warmup_hp_0000,100.0,30.25,0.0,0,0.0,
fixed_warmup_hp_0000,100.0,30.75,0.0,0,0.0,
fixed_warmup_hp_0000,100.0,31.25,0.0,0,0.0,
fixed_warmup_hp_0000,100.0,31.75,0.0,0,0.0,
fixed_warmup_hp_0000,100.0,32.25,0.0,0,0.0,
fixed_warmup_hp_0000,100.0,32.75,0.0,0,0.0,
fixed_warmup_hp_0000,100.0,33.25,0.0,0,0.0,
fixed_warmup_hp_0000,100.0,33.75,0.0,0,0.0,
fixed_warmup_hp_0000,100.0,34.25,0.0,0,0.0,
fixed_warmup_hp_0000,100.0,34.75,0.0,0,0.0,
fixed_warmup_hp_0000,100.0,35.25,0.0,0,0.0,
fixed_warmup_hp_0000,100.0,35.75,0.0,0,0.0,
fixed_warmup_hp_0000,100.0,36.25,0.0,0,0.0,
fixed_warmup_hp_0000,100.0,36.75,0.0,0,0.0,
fixed_warmup_hp_0000,100.0,37.25,0.0,0,0.0,
fixed_warmup_hp_0000,100.0,37.75,0.0,0,0.0,
fixed_warmup_hp_0000,100.0,38.25,0.0,0,0.0,
fixed_warmup_hp_0000,100.0,38.75,0.0,0,0.0,
fixed_warmup_hp_0000,100.0,39.25,0.0,0,0.0,
fixed_warmup_hp_0000,100.0,39.75,0.0,0,0.0,
fixed_warmup_hp_0000,100.0,40.25,0.0,0,0.0,
fixed_warmup_hp_0000,100.0,40.75,0.0,0,0.0,
fixed_warmup_hp_0000,100.0,41.25,0.0,0,0.0,
fixed_warmup_hp_0000,100.0,41.75,0.0,0,0.0,
fixed_warmup_hp_0000,100.0,42.25,0.0,0,0.0,
fixed_warmup_hp_0000,100.0,42.75,0.0,0,0.0,
fixed_warmup_hp_0000,100.0,43.25,0.0,0,0.0,
fixed_warmup_hp_0000,100.0,43.75,0.0,0,0.0,
fixed_warmup_hp_0000,100.0,44.25,0.0,0,0.0,
fixed_warmup_hp_0000,100.0,44.75,0.0,0,0.0,
fixed_warmup_hp_0000,100.0,45.25,0.0,0,0.0,
fixed_warmup_hp_0000,100.0,45.75,0.0,0,0.0,
fixed_warmup_hp_0000,100.0,46.25,0.0,0,0.0,
fixed_warmup_hp_0000,100.0,46.75,0.0,0,0.0,
fixed_warmup_hp_0000,100.0,47.25,0.0,0,0.0,
fixed_warmup_hp_0000,100.0,47.75,0.0,0,0.0,
fixed_warmup_hp_0000,100.0,48.25,0.0,0,0.0,
fixed_warmup_hp_0000,100.0,48.75,0.0,0,0.0,
fixed_warmup_hp_0000,100.0,49.25,0.0,0,0.0,
fixed_warmup_hp_0000,100.0,49.75,0.0,0,0.0,
fixed_warmup_hp_0000,100.0,50.25,0.0,0,0.0,
fixed_warmup_hp_0000,100.0,50.75,0.0,0,0.0,
fixed_warmup_hp_0000,100.0,51.25,0.0,0,0.0,
fixed_warmup_hp_0000,100.0,51.75,0.0,0,0.0,
fixed_warmup_hp_0000,100.0,52.25,0.0,0,0.0,
fixed_warmup_hp_0000,100.0,52.75,0.0,0,0.0,
fixed_warmup_hp_0000,100.0,53.25,0.0,0,0.0,
fixed_warmup_hp_0000,100.0,53.75,0.0,0,0.0,
fixed_warmup_hp_0000,100.0,54.25,0.0,0,0.0,
fixed_warmup_hp_0000,100.0,54.75,0.0,0,0.0,
fixed_warmup_hp_0000,100.0,55.25,0.0,0,0.0,
fixed_warmup_hp_0000,100.0,55.75,0.0,0,0.0,
fixed_warmup_hp_0000,100.0,56.25,0.0,0,0.0,
fixed_warmup_hp_0000,100.0,56.75,0.0,0,0.0,
fixed_warmup_hp_0000,100.0,57.25,0.0,0,0.0,
fixed_warmup_hp_0000,100.0,57.75,0.0,0,0.0,
fixed_warmup_hp_0000,100.0,58.25,0.0,0,0.0,
fixed_warmup_hp_0000,100.0,58.75,0.0,0,0.0,
fixed_warmup_hp_0000,100.0,59.25,0.0,0,0.0,
fixed_warmup_hp_0000,100.0,59.75,0.0,0,0.0,
fixed_warmup_hp_0000,100.0,60.25,0.0,0,0.0,
fixed_warmup_hp_0000,100.0,60.75,0.0,0,0.0,
fixed_warmup_hp_0000,100.0,61.25,0.0,0,0.0,
fixed_warmup_hp_0000,100.0,61.75,0.0,0,0.0,
fixed_warmup_hp_0000,100.0,62.25,0.0,0,0.0,
fixed_warmup_hp_0000,100.0,62.75,0.0,0,0.0,
fixed_warmup_hp_0000,100.0,63.25,0.0,0,0.0,
fixed_warmup_hp_0000,100.0,63.75,0.0,0,0.0,
fixed_warmup_hp_0000,100.0,64.25,0.0,0,0.0,
fixed_warmup_hp_0000,100.0,64.75,0.0,0,0.0,
fixed_warmup_hp_0000,100.0,65.25,0.0,0,0.0,
fixed_warmup_hp_0000,100.0,65.75,0.0,0,0.0,
fixed_warmup_hp_0000,100.0,66.25,0.0,0,0.0,
fixed_warmup_hp_0000,100.0,66.75,0.0,0,0.0,
fixed_warmup_hp_0000,100.0,67.25,0.0,0,0.0,
fixed_warmup_hp_0000,100.0,67.75,0.0,0,0.0,
fixed_warmup_hp_0000,100.0,68.25,0.0,0,0.0,
fixed_warmup_hp_0000,100.0,68.75,0.0,0,0.0,
fixed_warmup_hp_0000,100.0,69.25,0.0,0,0.0,
fixed_warmup_hp_0000,100.0,69.75,0.0,0,0.0,
fixed_warmup_hp_0000,100.0,70.25,0.0,0,0.0,
fixed_warmup_hp_0000,100.0,70.75,0.0,0,0.0,
fixed_warmup_hp_0000,100.0,71.25,0.0,0,0.0,
fixed_warmup_hp_0000,100.0,71.75,0.0,0,0.0,
fixed_warmup_hp_0000,100.0,72.25,0.0,0,0.0,
fixed_warmup_hp_0000,100.0,72.75,0.0,0,0.0,
fixed_warmup_hp_0000,100.0,73.25,0.0,0,0.0,
fixed_warmup_hp_0000,100.0,73.75,0.0,0,0.0,
fixed_warmup_hp_0000,100.0,74.25,0.0,0,0.0,
fixed_warmup_hp_0000,100.0,74.75,0.0,0,0.0,
fixed_warmup_hp_0000,100.0,75.25,0.0,0,0.0,
fixed_warmup_hp_0000,100.0,75.75,0.0,0,0.0,
fixed_warmup_hp_0000,100.0,76.25,0.0,0,0.0,
fixed_warmup_hp_0000,100.0,76.75,0.0,0,0.0,
fixed_warmup_hp_0000,100.0,77.25,0.0,0,0.0,
fixed_warmup_hp_0000,100.0,77.75,0.0,0,0.0,
fixed_warmup_hp_0000,100.0,78.25,0.0,0,0.0,
fixed_warmup_hp_0000,100.0,78.75,0.0,0,0.0,
fixed_warmup_hp_0000,100.0,79.25,0.0,0,0.0,
fixed_warmup_hp_0000,100.0,79.75,0.0,0,0.0,
fixed_warmup_hp_0000,100.0,85.0,0.0,0,0.0,
fixed_warmup_hp_0000,100.0,95.0,0.0,0,0.0,
fixed_warmup_hp_0000,100.0,105.0,0.0,0,0.0,
fixed_warmup_hp_0000,100.0,115.0,0.0,0,0.0,
fixed_warmup_hp_0000,100.0,125.0,0.0,0,0.0,
fixed_warmup_hp_0000,100.0,135.0,0.0,0,0.0,
fixed_warmup_hp_0000,100.0,145.0,0.0,0,0.0,
fixed_warmup_hp_0000,100.0,155.0,0.0,0,0.0,
fixed_warmup_hp_0000,100.0,165.0,0.0,0,0.0,
fixed_warmup_hp_0000,100.0,175.0,0.0,0,0.0,
fixed_warmup_hp_0000,100.0,185.0,0.0,0,0.0,
fixed_warmup_hp_0000,100.0,195.0,0.0,0,0.0,
fixed_warmup_hp_0000,100.0,205.0,0.0,0,0.0,
fixed_warmup_hp_0000,100.0,215.0,0.0,0,0.0,
fixed_warmup_hp_0000,100.0,225.0,0.0,0,0.0,
fixed_warmup_hp_0000,100.0,235.0,0.0,0,0.0,
fixed_warmup_hp_0000,100.0,245.0,0.0,0,0.0,
fixed_warmup_hp_0000,100.0,255.0,0.0,0,0.0,
fixed_warmup_hp_0000,100.0,270.0,0.0,0,0.0,
fixed_warmup_hp_0000,100.0,290.0,0.0,0,0.0,
fixed_warmup_hp_0000,100.0,310.0,0.0,0,0.0,
fixed_warmup_hp_0000,100.0,330.0,0.0,0,0.0,
fixed_warmup_hp_0000,100.0,350.0,0.0,0,0.0,
fixed_warmup_hp_0000,100.0,370.0,0.0,0,0.0,
fixed_warmup_hp_0000,100.0,390.0,0.0,0,0.0,
fixed_warmup_hp_0000,100.0,410.0,0.0,0,0.0,
fixed_warmup_hp_0000,100.0,430.0,0.0,0,0.0,
fixed_warmup_hp_0000,100.0,450.0,0.0,0,0.0,
fixed_warmup_hp_0000,100.0,470.0,0.0,0,0.0,
fixed_warmup_hp_0000,100.0,490.0,0.0,0,0.0,
fixed_warmup_hp_0000,100.0,510.0,0.0,0,0.0,
fixed_warmup_hp_0000,100.0,530.0,0.0,0,0.0,
fixed_warmup_hp_0000,100.0,550.0,0.0,0,0.0,
fixed_warmup_hp_0000,100.0,570.0,0.0,0,0.0,
fixed_warmup_hp_0000,100.0,590.0,0.0,0,0.0,
fixed_warmup_hp_0000,100.0,610.0,0.0,0,0.0,
fixed_warmup_hp_0000,100.0,630.0,0.0,0,0.0,
fixed_warmup_hp_0000,100.0,650.0,0.0,0,0.0,
fixed_warmup_hp_0000,100.0,670.0,0.0,0,0.0,
fixed_warmup_hp_0000,100.0,690.0,0.0,0,0.0,
fixed_warmup_hp_0000,100.0,710.0,0.0,0,0.0,
fixed_warmup_hp_0000,100.0,730.0,0.0,0,0.0,
fixed_warmup_hp_0000,100.0,750.0,0.0,0,0.0,
fixed_warmup_hp_0000,100.0,770.0,0.0,0,0.0,
fixed_warmup_hp_0000,100.0,790.0,0.0,0,0.0,
fixed_warmup_hp_0000,100.0,810.0,0.0,0,0.0,
fixed_warmup_hp_0000,100.0,830.0,0.0,0,0.0,
fixed_warmup_hp_0000,100.0,850.0,0.0,0,0.0,
fixed_warmup_hp_0000,100.0,870.0,0.0,0,0.0,
fixed_warmup_hp_0000,100.0,890.0,0.0,0,0.0,
fixed_warmup_hp_0000,100.0,910.0,0.0,0,0.0,
fixed_warmup_hp_0000,100.0,930.0,0.0,0,0.0,
fixed_warmup_hp_0000,100.0,950.0,0.0,0,0.0,
fixed_warmup_hp_0000,100.0,970.0,0.0,0,0.0,
fixed_warmup_hp_0000,100.0,990.0,0.0,0,0.0,
fixed_warmup_hp_0001,200.0,0.25,0.025324792762933403,11749,5885.468591209293,0.013034953217432237
fixed_warmup_hp_0001,200.0,0.75,0.04474414661466192,21048,10559.895526985023,0.009731284939291374
fixed_warmup_hp_0001,200.0,1.25,0.05675515782062609,26154,13148.592253015806,0.008720881214692331
fixed_warmup_hp_0001,200.0,1.75,0.06304506321824553,29297,14571.259873893838,0.008284216650289245
fixed_warmup_hp_0001,200.0,2.25,0.069691820663334,32415,16040.729125043878,0.007895651070208513
fixed_warmup_hp_0001,200.0,2.75,0.07363797567158273,34103,16944.560955355086,0.007682186384455939
fixed_warmup_hp_0001,200.0,3.25,0.07637298904173136,35568,17872.249900699484,0.00748015135923713
fixed_warmup_hp_0001,200.0,3.75,0.07864522587566285,36239,18065.025467039046,0.007440133203041814
fixed_warmup_hp_0001,200.0,4.25,0.08089201188100693,37264,18746.389415084,0.007303670681210804
fixed_warmup_hp_0001,200.0,4.75,0.08053352509400696,37525,18629.874127470808,0.007326474454892196
fixed_warmup_hp_0001,200.0,5.25,0.07928413701503093,36943,18474.488869765177,0.007357220701091157
fixed_warmup_hp_0001,200.0,5.75,0.07952577153847748,36708,18348.41307437088,0.007382453933011832
fixed_warmup_hp_0001,200.0,6.25,0.07876153185326072,36699,18369.320150081625,0.007378251560136357
fixed_warmup_hp_0001,200.0,6.75,0.0773811024435614,35802,17816.265567483162,0.007491894640189377
fixed_warmup_hp_0001,200.0,7.25,0.07392323138908835,34131,17076.888116899558,0.0076523642386119965
fixed_warmup_hp_0001,200.0,7.75,0.07268080353773701,33890,16758.886816687635,0.007724625190619345
fixed_warmup_hp_0001,200.0,8.25,0.07068537348053704,32503,16313.46368076211,0.007829371665455082
fixed_warmup_hp_0001,200.0,8.75,0.06878875703059288,31868,15762.56154031464,0.007965015080753009
fixed_warmup_hp_0001,200.0,9.25,0.06491055685383641,29912,14821.565551785396,0.008213967127031773
fixed_warmup_hp_0001,200.0,9.75,0.061509372354366015,28504,14156.656164494192,0.008404650491467927
fixed_warmup_hp_0001,200.0,10.25,0.05897791197163524,27489,13811.233243029263,0.008509102793965273
fixed_warmup_hp_0001,200.0,10.75,0.05453540025909504,25532,12826.517881622927,0.008829693217371691
fixed_warmup_hp_0001,200.0,11.25,0.051940021949330804,23909,11885.856634435024,0.009172437394839989
fixed_warmup_hp_0001,200.0,11.75,0.047688433555058425,21987,10976.764294096454,0.009544712045338041
fixed_warmup_hp_0001,200.0,12.25,0.04392965022156575,20335,10168.461409130594,0.00991681879408237
fixed_warmup_hp_0001,200.0,12.75,0.04038108685782685,18189,9040.74743918461,0.010517144271062956
fixed_warmup_hp_0001,200.0,13.25,0.03720729043145809,16939,8402.283124784579,0.010909412020327759
fixed_warmup_hp_0001,200.0,13.75,0.03373931890688197,15457,7827.154412987305,0.0113031124749612
fixed_warmup_hp_0001,200.0,14.25,0.03045971096905586,13813,6895.661301570319,0.01204237200687247
fixed_warmup_hp_0001,200.0,14.75,0.02805007765323046,12604,6308.464472870204,0.012590360608753466
fixed_warmup_hp_0001,200.0,15.25,0.0243063361091223,11116,5567.030360149344,0.013402573732475366
fixed_warmup_hp_0001,200.0,15.75,0.022502779675752184,10142,4987.507659688084,0.014159835634924582
fixed_warmup_hp_0001,200.0,16.25,0.019384039173084063,8809,4429.884545658923,0.015024630362127603
fixed_warmup_hp_0001,200.0,16.75,0.017467980459846613,7818,3989.4069753149265,0.015832366279667772
fixed_warmup_hp_0001,200.0,17.25,0.015446916477823341,6802,3420.668060755609,0.01709796932940917
fixed_warmup_hp_0001,200.0,17.75,0.013530041637778054,6097,3070.039872598641,0.018047954690723685
fixed_warmup_hp_0001,200.0,18.25,0.011704749260571272,5178,2622.5330484036217,0.019527179350330468
fixed_warmup_hp_0001,200.0,18.75,0.010375400409726267,4623,2320.9779228735397,0.020756995695707856
fixed_warmup_hp_0001,200.0,19.25,0.008518081594691137,3744,1856.1412196600759,0.023211034246264795
fixed_warmup_hp_0001,200.0,19.75,0.007475240149627145,3334,1702.5919558651199,0.024235094159809945
fixed_warmup_hp_0001,200.0,20.25,0.006340344651894856,2788,1366.1510820129051,0.027055192902751986
fixed_warmup_hp_0001,200.0,20.75,0.005571193875123191,2395,1219.855318335055,0.028631614499496107
fixed_warmup_hp_0001,200.0,21.25,0.004597841895629931,2048,1029.11379812694,0.031172260681523022
fixed_warmup_hp_0001,200.0,21.75,0.004139618751922138,1789,864.4147116786277,0.0340125290081042
fixed_warmup_hp_0001,200.0,22.25,0.0034191342150087906,1457,731.9869516468399,0.03696139297905252
fixed_warmup_hp_0001,200.0,22.75,0.0030540986258121307,1264,618.2219018031277,0.04021867943537267
fixed_warmup_hp_0001,200.0,23.25,0.002848569579006736,1217,606.0471731359652,0.040620642190245186
fixed_warmup_hp_0001,200.0,23.75,0.002397881417277775,986,477.4449027055261,0.045765516644727264
fixed_warmup_hp_0001,200.0,24.25,0.001841100113623702,860,427.7759076788741,0.04834948352538445
fixed_warmup_hp_0001,200.0,24.75,0.0015815605822504242,663,325.8165128516357,0.05540047066822878
fixed_warmup_hp_0001,200.0,25.25,0.0015338115624295165,603,302.3350522079792,0.05751163962540449
fixed_warmup_hp_0001,200.0,25.75,0.001141939167673139,501,251.38592068875917,0.06307097209436201
fixed_warmup_hp_0001,200.0,26.25,0.0009955881581563827,403,222.84119372459992,0.06698880982995922
fixed_warmup_hp_0001,200.0,26.75,0.0007745015578019124,332,174.68274678363744,0.07566150816096644
fixed_warmup_hp_0001,200.0,27.25,0.0007220143312322562,324,166.43041549819603,0.07751462516928892
fixed_warmup_hp_0001,200.0,27.75,0.0006523900656238055,269,139.46559586213783,0.08467719371872266
fixed_warmup_hp_0001,200.0,28.25,0.0005969244504760522,250,118.21124732037805,0.09197517017886997
fixed_warmup_hp_0001,200.0,28.75,0.0004255662396175137,161,83.57500591880432,0.10938601272919898
fixed_warmup_hp_0001,200.0,29.25,0.0003804457814851019,150,78.84988727467902,0.1126158350808685
fixed_warmup_hp_0001,200.0,29.75,0.00030149607564892186,113,50.76582936914491,0.14035059468585134
fixed_warmup_hp_0001,200.0,30.25,0.0002824105150036381,108,60.34118326240854,0.12873394815591627
fixed_warmup_hp_0001,200.0,30.75,0.00021314382309749644,90,48.19071455247409,0.14405167650286993
fixed_warmup_hp_0001,200.0,31.25,0.0002555043661684495,97,46.840796441867006,0.14611266584185773
fixed_warmup_hp_0001,200.0,31.75,0.00019144985217935798,82,48.43891298501345,0.14368214593895964
fixed_warmup_hp_0001,200.0,32.25,0.00017995625179505572,68,37.45219940379935,0.1634034931862238
fixed_warmup_hp_0001,200.0,32.75,0.00012944299304177832,76,42.458677777689665,0.15346762324553773
fixed_warmup_hp_0001,200.0,33.25,0.00010519760190910817,37,23.711979398615632,0.20536011341440616
fixed_warmup_hp_0001,200.0,33.75,0.00010275337432882507,35,18.9774917498606,0.22955174279587312
fixed_warmup_hp_0001,200.0,34.25,6.628579066996453e-05,26,17.328738269496203,0.24022407449968414
fixed_warmup_hp_0001,200.0,34.75,9.794657844986003e-05,35,14.767741068982332,0.2602213738943932
fixed_warmup_hp_0001,200.0,35.25,5.670766028494161e-05,26,12.015158955797295,0.2884929732624177
fixed_warmup_hp_0001,200.0,35.75,5.148872441589702e-05,20,13.576650074021096,0.27139615324648275
fixed_warmup_hp_0001,200.0,36.25,2.9833525553355552e-05,14,8.172265256734972,0.34980722294575917
fixed_warmup_hp_0001,200.0,36.75,6.551904855515311e-05,21,8.851268750641479,0.33612223007037445
fixed_warmup_hp_0001,200.0,37.25,4.456847540105687e-05,18,13.006498757868549,0.2772807998191014
fixed_warmup_hp_0001,200.0,37.75,3.259536355166296e-05,10,6.5056414535180345,0.3920621686767758
fixed_warmup_hp_0001,200.0,38.25,1.3744553453779872e-05,4,3.7284670166873597,0.5178868065129407
fixed_warmup_hp_0001,200.0,38.75,1.2148678841016898e-05,6,4.579814438904502,0.4672787796339598
fixed_warmup_hp_0001,200.0,39.25,6.510408387634441e-06,3,2.587178787872418,0.6217084627874843
fixed_warmup_hp_0001,200.0,39.75,8.187606074545307e-06,4,2.445530710056616,0.6394600827687917
fixed_warmup_hp_0001,200.0,40.25,7.643694112915175e-06,4,2.525576434003609,0.6292449542425446
fixed_warmup_hp_0001,200.0,40.75,0.0,0,0.0,
fixed_warmup_hp_0001,200.0,41.25,9.488799611846872e-06,2,1.9658438707122399,0.7132232443186728
fixed_warmup_hp_0001,200.0,41.75,0.0,0,0.0,
fixed_warmup_hp_0001,200.0,42.25,7.637353977152228e-06,2,1.867200385737978,0.7318204407977916
fixed_warmup_hp_0001,200.0,42.75,0.0,0,0.0,
fixed_warmup_hp_0001,200.0,43.25,0.0,0,0.0,
fixed_warmup_hp_0001,200.0,43.75,0.0,0,0.0,
fixed_warmup_hp_0001,200.0,44.25,0.0,0,0.0,
fixed_warmup_hp_0001,200.0,44.75,0.0,0,0.0,
fixed_warmup_hp_0001,200.0,45.25,0.0,0,0.0,
fixed_warmup_hp_0001,200.0,45.75,0.0,0,0.0,
fixed_warmup_hp_0001,200.0,46.25,0.0,0,0.0,
fixed_warmup_hp_0001,200.0,46.75,0.0,0,0.0,
fixed_warmup_hp_0001,200.0,47.25,0.0,0,0.0,
fixed_warmup_hp_0001,200.0,47.75,0.0,0,0.0,
fixed_warmup_hp_0001,200.0,48.25,0.0,0,0.0,
fixed_warmup_hp_0001,200.0,48.75,0.0,0,0.0,
fixed_warmup_hp_0001,200.0,49.25,0.0,0,0.0,
fixed_warmup_hp_0001,200.0,49.75,0.0,0,0.0,
fixed_warmup_hp_0001,200.0,50.25,0.0,0,0.0,
fixed_warmup_hp_0001,200.0,50.75,0.0,0,0.0,
fixed_warmup_hp_0001,200.0,51.25,0.0,0,0.0,
fixed_warmup_hp_0001,200.0,51.75,0.0,0,0.0,
fixed_warmup_hp_0001,200.0,52.25,0.0,0,0.0,
fixed_warmup_hp_0001,200.0,52.75,0.0,0,0.0,
fixed_warmup_hp_0001,200.0,53.25,0.0,0,0.0,
fixed_warmup_hp_0001,200.0,53.75,0.0,0,0.0,
fixed_warmup_hp_0001,200.0,54.25,0.0,0,0.0,
fixed_warmup_hp_0001,200.0,54.75,0.0,0,0.0,
fixed_warmup_hp_0001,200.0,55.25,0.0,0,0.0,
fixed_warmup_hp_0001,200.0,55.75,0.0,0,0.0,
fixed_warmup_hp_0001,200.0,56.25,0.0,0,0.0,
fixed_warmup_hp_0001,200.0,56.75,0.0,0,0.0,
fixed_warmup_hp_0001,200.0,57.25,0.0,0,0.0,
fixed_warmup_hp_0001,200.0,57.75,0.0,0,0.0,
fixed_warmup_hp_0001,200.0,58.25,0.0,0,0.0,
fixed_warmup_hp_0001,200.0,58.75,0.0,0,0.0,
fixed_warmup_hp_0001,200.0,59.25,0.0,0,0.0,
fixed_warmup_hp_0001,200.0,59.75,0.0,0,0.0,
fixed_warmup_hp_0001,200.0,60.25,0.0,0,0.0,
fixed_warmup_hp_0001,200.0,60.75,0.0,0,0.0,
fixed_warmup_hp_0001,200.0,61.25,0.0,0,0.0,
fixed_warmup_hp_0001,200.0,61.75,0.0,0,0.0,
fixed_warmup_hp_0001,200.0,62.25,0.0,0,0.0,
fixed_warmup_hp_0001,200.0,62.75,0.0,0,0.0,
fixed_warmup_hp_0001,200.0,63.25,0.0,0,0.0,
fixed_warmup_hp_0001,200.0,63.75,0.0,0,0.0,
fixed_warmup_hp_0001,200.0,64.25,0.0,0,0.0,
fixed_warmup_hp_0001,200.0,64.75,0.0,0,0.0,
fixed_warmup_hp_0001,200.0,65.25,0.0,0,0.0,
fixed_warmup_hp_0001,200.0,65.75,0.0,0,0.0,
fixed_warmup_hp_0001,200.0,66.25,0.0,0,0.0,
fixed_warmup_hp_0001,200.0,66.75,0.0,0,0.0,
fixed_warmup_hp_0001,200.0,67.25,0.0,0,0.0,
fixed_warmup_hp_0001,200.0,67.75,0.0,0,0.0,
fixed_warmup_hp_0001,200.0,68.25,0.0,0,0.0,
fixed_warmup_hp_0001,200.0,68.75,0.0,0,0.0,
fixed_warmup_hp_0001,200.0,69.25,0.0,0,0.0,
fixed_warmup_hp_0001,200.0,69.75,0.0,0,0.0,
fixed_warmup_hp_0001,200.0,70.25,0.0,0,0.0,
fixed_warmup_hp_0001,200.0,70.75,0.0,0,0.0,
fixed_warmup_hp_0001,200.0,71.25,0.0,0,0.0,
fixed_warmup_hp_0001,200.0,71.75,0.0,0,0.0,
fixed_warmup_hp_0001,200.0,72.25,0.0,0,0.0,
fixed_warmup_hp_0001,200.0,72.75,0.0,0,0.0,
fixed_warmup_hp_0001,200.0,73.25,0.0,0,0.0,
fixed_warmup_hp_0001,200.0,73.75,0.0,0,0.0,
fixed_warmup_hp_0001,200.0,74.25,0.0,0,0.0,
fixed_warmup_hp_0001,200.0,74.75,0.0,0,0.0,
fixed_warmup_hp_0001,200.0,75.25,0.0,0,0.0,
fixed_warmup_hp_0001,200.0,75.75,0.0,0,0.0,
fixed_warmup_hp_0001,200.0,76.25,0.0,0,0.0,
fixed_warmup_hp_0001,200.0,76.75,0.0,0,0.0,
fixed_warmup_hp_0001,200.0,77.25,0.0,0,0.0,
fixed_warmup_hp_0001,200.0,77.75,0.0,0,0.0,
fixed_warmup_hp_0001,200.0,78.25,0.0,0,0.0,
fixed_warmup_hp_0001,200.0,78.75,0.0,0,0.0,
fixed_warmup_hp_0001,200.0,79.25,0.0,0,0.0,
fixed_warmup_hp_0001,200.0,79.75,0.0,0,0.0,
fixed_warmup_hp_0001,200.0,85.0,0.0,0,0.0,
fixed_warmup_hp_0001,200.0,95.0,0.0,0,0.0,
fixed_warmup_hp_0001,200.0,105.0,0.0,0,0.0,
fixed_warmup_hp_0001,200.0,115.0,0.0,0,0.0,
fixed_warmup_hp_0001,200.0,125.0,0.0,0,0.0,
fixed_warmup_hp_0001,200.0,135.0,0.0,0,0.0,
fixed_warmup_hp_0001,200.0,145.0,0.0,0,0.0,
fixed_warmup_hp_0001,200.0,155.0,0.0,0,0.0,
fixed_warmup_hp_0001,200.0,165.0,0.0,0,0.0,
fixed_warmup_hp_0001,200.0,175.0,0.0,0,0.0,
fixed_warmup_hp_0001,200.0,185.0,0.0,0,0.0,
fixed_warmup_hp_0001,200.0,195.0,0.0,0,0.0,
fixed_warmup_hp_0001,200.0,205.0,0.0,0,0.0,
fixed_warmup_hp_0001,200.0,215.0,0.0,0,0.0,
fixed_warmup_hp_0001,200.0,225.0,0.0,0,0.0,
fixed_warmup_hp_0001,200.0,235.0,0.0,0,0.0,
fixed_warmup_hp_0001,200.0,245.0,0.0,0,0.0,
fixed_warmup_hp_0001,200.0,255.0,0.0,0,0.0,
fixed_warmup_hp_0001,200.0,270.0,0.0,0,0.0,
fixed_warmup_hp_0001,200.0,290.0,0.0,0,0.0,
fixed_warmup_hp_0001,200.0,310.0,0.0,0,0.0,
fixed_warmup_hp_0001,200.0,330.0,0.0,0,0.0,
fixed_warmup_hp_0001,200.0,350.0,0.0,0,0.0,
fixed_warmup_hp_0001,200.0,370.0,0.0,0,0.0,
fixed_warmup_hp_0001,200.0,390.0,0.0,0,0.0,
fixed_warmup_hp_0001,200.0,410.0,0.0,0,0.0,
fixed_warmup_hp_0001,200.0,430.0,0.0,0,0.0,
fixed_warmup_hp_0001,200.0,450.0,0.0,0,0.0,
fixed_warmup_hp_0001,200.0,470.0,0.0,0,0.0,
fixed_warmup_hp_0001,200.0,490.0,0.0,0,0.0,
fixed_warmup_hp_0001,200.0,510.0,0.0,0,0.0,
fixed_warmup_hp_0001,200.0,530.0,0.0,0,0.0,
fixed_warmup_hp_0001,200.0,550.0,0.0,0,0.0,
fixed_warmup_hp_0001,200.0,570.0,0.0,0,0.0,
fixed_warmup_hp_0001,200.0,590.0,0.0,0,0.0,
fixed_warmup_hp_0001,200.0,610.0,0.0,0,0.0,
fixed_warmup_hp_0001,200.0,630.0,0.0,0,0.0,
fixed_warmup_hp_0001,200.0,650.0,0.0,0,0.0,
fixed_warmup_hp_0001,200.0,670.0,0.0,0,0.0,
fixed_warmup_hp_0001,200.0,690.0,0.0,0,0.0,
fixed_warmup_hp_0001,200.0,710.0,0.0,0,0.0,
fixed_warmup_hp_0001,200.0,730.0,0.0,0,0.0,
fixed_warmup_hp_0001,200.0,750.0,0.0,0,0.0,
fixed_warmup_hp_0001,200.0,770.0,0.0,0,0.0,
fixed_warmup_hp_0001,200.0,790.0,0.0,0,0.0,
fixed_warmup_hp_0001,200.0,810.0,0.0,0,0.0,
fixed_warmup_hp_0001,200.0,830.0,0.0,0,0.0,
fixed_warmup_hp_0001,200.0,850.0,0.0,0,0.0,
fixed_warmup_hp_0001,200.0,870.0,0.0,0,0.0,
fixed_warmup_hp_0001,200.0,890.0,0.0,0,0.0,
fixed_warmup_hp_0001,200.0,910.0,0.0,0,0.0,
fixed_warmup_hp_0001,200.0,930.0,0.0,0,0.0,
fixed_warmup_hp_0001,200.0,950.0,0.0,0,0.0,
fixed_warmup_hp_0001,200.0,970.0,0.0,0,0.0,
fixed_warmup_hp_0001,200.0,990.0,0.0,0,0.0,
fixed_warmup_hp_0002,400.0,0.25,0.016483964405233354,7909,3919.8473337235323,0.01597222515100392
fixed_warmup_hp_0002,400.0,0.75,0.028442695812246746,13429,6707.801407715823,0.012209838001871738
fixed_warmup_hp_0002,400.0,1.25,0.037886876591800074,17949,9132.264874019624,0.010464313695886532
fixed_warmup_hp_0002,400.0,1.75,0.044100623992551345,20684,10436.310077024127,0.009788733680868637
fixed_warmup_hp_0002,400.0,2.25,0.04915471632134526,23397,11645.740030709356,0.009266515456214722
fixed_warmup_hp_0002,400.0,2.75,0.05302058105401369,24893,12386.06078269281,0.008985316855486826
fixed_warmup_hp_0002,400.0,3.25,0.0566202333357948,26699,13389.397059687806,0.008642104026207636
fixed_warmup_hp_0002,400.0,3.75,0.05778473218135553,27018,13406.059366205762,0.008636731748139274
fixed_warmup_hp_0002,400.0,4.25,0.060068462306755076,28463,14162.875577622028,0.008402804901100713
fixed_warmup_hp_0002,400.0,4.75,0.06116037699083383,28655,14418.045345252449,0.008328116781592907
fixed_warmup_hp_0002,400.0,5.25,0.06115392712416043,28629,14340.968793302756,0.00835046681795907
fixed_warmup_hp_0002,400.0,5.75,0.06124382801104054,28875,14700.275474486483,0.008247783708037604
fixed_warmup_hp_0002,400.0,6.25,0.06131668538423745,28512,14211.471234063554,0.008388426041670002
fixed_warmup_hp_0002,400.0,6.75,0.0611694537541411,28770,14447.815111586235,0.008319532302433527
fixed_warmup_hp_0002,400.0,7.25,0.06164346924895699,28213,14241.786784624845,0.008379493341383226
fixed_warmup_hp_0002,400.0,7.75,0.05982343401528984,27871,13930.481398880776,0.008472604569777808
fixed_warmup_hp_0002,400.0,8.25,0.059551943797330656,27684,13996.766454658606,0.008452518732318393
fixed_warmup_hp_0002,400.0,8.75,0.05829332550232996,27057,13620.86178734918,0.008568360036227652
fixed_warmup_hp_0002,400.0,9.25,0.05713997032466903,26589,13228.748985792654,0.00869441992638549
fixed_warmup_hp_0002,400.0,9.75,0.05571374869522307,26105,13096.245357903463,0.008738292914459845
fixed_warmup_hp_0002,400.0,10.25,0.05592069748670514,25708,12787.82249292466,0.008843042258353553
fixed_warmup_hp_0002,400.0,10.75,0.053138919218063005,24752,12228.48171082842,0.009043024986437203
fixed_warmup_hp_0002,400.0,11.25,0.051559282055652904,24149,12159.42190170426,0.00906866869562796
fixed_warmup_hp_0002,400.0,11.75,0.04923162005492187,23000,11476.959289641816,0.009334403696576047
fixed_warmup_hp_0002,400.0,12.25,0.047827187040400204,22265,11085.101005918465,0.009497956422116175
fixed_warmup_hp_0002,400.0,12.75,0.045348967785942315,20766,10340.38225027164,0.009834033949457003
fixed_warmup_hp_0002,400.0,13.25,0.04336067785413064,19889,9908.138895906046,0.010046249436417102
fixed_warmup_hp_0002,400.0,13.75,0.04044186755169036,18639,9207.509636862684,0.010421468231223809
fixed_warmup_hp_0002,400.0,14.25,0.03923633334907394,17775,8978.078921113132,0.01055378616859395
fixed_warmup_hp_0002,400.0,14.75,0.03626648415097992,16575,8290.751005779162,0.01098254683185107
fixed_warmup_hp_0002,400.0,15.25,0.033711902895844914,15354,7728.390425729126,0.011375106542993821
fixed_warmup_hp_0002,400.0,15.75,0.031791961176430364,14468,7275.515942100904,0.011723791917644567
fixed_warmup_hp_0002,400.0,16.25,0.030183182424127836,13760,6838.541022145375,0.012092560580707666
fixed_warmup_hp_0002,400.0,16.75,0.027987434645963205,12755,6353.739912395896,0.01254542225442591
fixed_warmup_hp_0002,400.0,17.25,0.026412551682255328,12092,5968.042195455556,0.012944463566525809
fixed_warmup_hp_0002,400.0,17.75,0.024888316616353223,11074,5529.893684761515,0.013447501737961253
fixed_warmup_hp_0002,400.0,18.25,0.023072360321914225,10219,5149.978860641624,0.013934688884927932
fixed_warmup_hp_0002,400.0,18.75,0.02142600311679116,9553,4785.028551578997,0.014456319341070232
fixed_warmup_hp_0002,400.0,19.25,0.01957062185946401,8710,4345.029659792479,0.015170630382558682
fixed_warmup_hp_0002,400.0,19.75,0.017989663734589066,7997,4000.529262748121,0.015810342357283843
fixed_warmup_hp_0002,400.0,20.25,0.016989609265199702,7534,3757.084739101139,0.0163145276677084
fixed_warmup_hp_0002,400.0,20.75,0.015376170417989735,6809,3406.6819414478036,0.017133031202580584
fixed_warmup_hp_0002,400.0,21.25,0.014267127882005773,6242,3123.177961136227,0.01789376108109081
fixed_warmup_hp_0002,400.0,21.75,0.013861847157442087,5950,2913.2142271509765,0.018527370606807283
fixed_warmup_hp_0002,400.0,22.25,0.012671648734738392,5634,2751.241644533661,0.019064948290834317
fixed_warmup_hp_0002,400.0,22.75,0.010946086223019414,4898,2419.0911474156296,0.020331708940387515
fixed_warmup_hp_0002,400.0,23.25,0.010776787694588766,4690,2343.8842464011022,0.020655319635747512
fixed_warmup_hp_0002,400.0,23.75,0.009866763441323732,4300,2119.6142425723674,0.021720588378599612
fixed_warmup_hp_0002,400.0,24.25,0.00930035920606248,3979,2021.8023471661656,0.022239788449136287
fixed_warmup_hp_0002,400.0,24.75,0.008230457762472559,3592,1829.1965720508192,0.023381362253288383
fixed_warmup_hp_0002,400.0,25.25,0.007624652798045669,3371,1716.2978247409562,0.024138132892643452
fixed_warmup_hp_0002,400.0,25.75,0.007203733726708569,3063,1532.8812409972802,0.025541461558727444
fixed_warmup_hp_0002,400.0,26.25,0.006502338894173867,2763,1397.866712709717,0.026746509813359652
fixed_warmup_hp_0002,400.0,26.75,0.005905842159621985,2549,1295.5422171293735,0.027782685015672885
fixed_warmup_hp_0002,400.0,27.25,0.005502583324697429,2357,1153.1149684549569,0.02944853504649491
fixed_warmup_hp_0002,400.0,27.75,0.0051761996789076205,2227,1144.9872825082593,0.029552870350298136
fixed_warmup_hp_0002,400.0,28.25,0.00487105907851705,2098,1042.3162557209641,0.030974210430991658
fixed_warmup_hp_0002,400.0,28.75,0.0046035979508344095,1920,930.0237766660676,0.03279087262110883
fixed_warmup_hp_0002,400.0,29.25,0.0037792352867505085,1667,828.8836793111795,0.03473387250015889
fixed_warmup_hp_0002,400.0,29.75,0.0037228547550958615,1576,789.9235931881665,0.03558012399987126
fixed_warmup_hp_0002,400.0,30.25,0.0034698578849668097,1469,682.0380053125384,0.03829091216348364
fixed_warmup_hp_0002,400.0,30.75,0.0031093946599605104,1313,623.8785165517514,0.04003593583932083
fixed_warmup_hp_0002,400.0,31.25,0.0027451724596544015,1162,595.5904375158743,0.04097567738863199
fixed_warmup_hp_0002,400.0,31.75,0.002527703999427388,1063,520.2406087364195,0.04384275891647419
fixed_warmup_hp_0002,400.0,32.25,0.0023314034361042618,983,497.2033451779283,0.04484695688067374
fixed_warmup_hp_0002,400.0,32.75,0.0021813848909459873,884,421.814632462713,0.04868993328522239
fixed_warmup_hp_0002,400.0,33.25,0.001918302869798889,788,392.96536340404845,0.0504455502593382
fixed_warmup_hp_0002,400.0,33.75,0.0017555959135323001,757,347.7206023956996,0.05362715879404259
fixed_warmup_hp_0002,400.0,34.25,0.0016799965744973705,693,335.32480125326737,0.05460936946421082
fixed_warmup_hp_0002,400.0,34.75,0.0016785867821108185,714,332.88744565762653,0.05480892595461722
fixed_warmup_hp_0002,400.0,35.25,0.001383341195535785,557,286.6674155813426,0.059062365171902796
fixed_warmup_hp_0002,400.0,35.75,0.0014041082936942198,575,290.0026149560804,0.05872175720238432
fixed_warmup_hp_0002,400.0,36.25,0.0012685916621118383,527,279.2914429364741,0.059837189252110345
fixed_warmup_hp_0002,400.0,36.75,0.001170489007823719,514,249.34724904049781,0.06332828243449375
fixed_warmup_hp_0002,400.0,37.25,0.0010822227120384012,461,217.36506527945957,0.06782739332828192
fixed_warmup_hp_0002,400.0,37.75,0.000987503344897084,391,198.95967971983197,0.07089530307191759
fixed_warmup_hp_0002,400.0,38.25,0.0009186627498271596,413,201.89021271165655,0.07037888258399445
fixed_warmup_hp_0002,400.0,38.75,0.0007768314015016353,342,178.02333874067153,0.07494825558338554
fixed_warmup_hp_0002,400.0,39.25,0.0007735221621274953,345,177.25185621185065,0.0751111833271794
fixed_warmup_hp_0002,400.0,39.75,0.0006877522987190709,283,135.34139608129198,0.08595767774895917
fixed_warmup_hp_0002,400.0,40.25,0.0006659523828741456,282,145.9228318769525,0.08278246903864325
fixed_warmup_hp_0002,400.0,40.75,0.0005015246926092408,212,102.39386310561487,0.09882413822003631
fixed_warmup_hp_0002,400.0,41.25,0.0005454953292407303,213,112.8932260736111,0.09411656281158066
fixed_warmup_hp_0002,400.0,41.75,0.0004509446432831325,186,84.46828180288155,0.1088060814645428
fixed_warmup_hp_0002,400.0,42.25,0.0004331999633744997,175,92.88181859983537,0.1037611185724663
fixed_warmup_hp_0002,400.0,42.75,0.00044862815271048105,170,83.42485050774691,0.10948440977457644
fixed_warmup_hp_0002,400.0,43.25,0.00035455998027736883,155,71.40515296480962,0.11834099680274601
fixed_warmup_hp_0002,400.0,43.75,0.00041685308419755004,174,80.74828192670196,0.11128416068714175
fixed_warmup_hp_0002,400.0,44.25,0.0004641061493050385,181,87.48316720931264,0.10691478111178765
fixed_warmup_hp_0002,400.0,44.75,0.0002884084431183877,121,51.90481073469843,0.13880215027567097
fixed_warmup_hp_0002,400.0,45.25,0.0002435116627835498,125,65.5729156603578,0.12349169528486395
fixed_warmup_hp_0002,400.0,45.75,0.00023388902283236885,107,50.21102953883441,0.14112385678848097
fixed_warmup_hp_0002,400.0,46.25,0.0002466971312723893,92,57.32625891045015,0.13207578468818848
fixed_warmup_hp_0002,400.0,46.75,0.0001834132656745585,86,43.333476023035026,0.1519106549540708
fixed_warmup_hp_0002,400.0,47.25,0.00017171366950446685,74,39.31479917835862,0.1594857808978026
fixed_warmup_hp_0002,400.0,47.75,0.00016632718611827785,64,29.217907192591277,0.18500158420620338
fixed_warmup_hp_0002,400.0,48.25,0.00016449542295003422,59,31.16401157083501,0.1791320605221366
fixed_warmup_hp_0002,400.0,48.75,0.00016535958618164995,68,37.83639435181909,0.1625717678375674
fixed_warmup_hp_0002,400.0,49.25,0.0001301938829480486,66,36.22359987742772,0.16615147306168496
fixed_warmup_hp_0002,400.0,49.75,0.00014000301912952038,70,33.44908988946413,0.17290511743761566
fixed_warmup_hp_0002,400.0,50.25,0.0001544764039099635,66,28.764658401181062,0.1864534353702887
fixed_warmup_hp_0002,400.0,50.75,0.00014639135233220915,47,22.788601375051247,0.20947932420641355
fixed_warmup_hp_0002,400.0,51.25,8.764871448775645e-05,35,17.63229648774903,0.23814724406316198
fixed_warmup_hp_0002,400.0,51.75,0.00010445578069325553,34,18.573630415094737,0.23203398578483223
fixed_warmup_hp_0002,400.0,52.25,7.614468159052818e-05,35,13.719088259522369,0.26998359438927655
fixed_warmup_hp_0002,400.0,52.75,8.873925151648119e-05,35,19.189482351111458,0.2282802661632822
fixed_warmup_hp_0002,400.0,53.25,7.40530676393126e-05,31,14.614161572623278,0.26158512708599246
fixed_warmup_hp_0002,400.0,53.75,6.585247210009223e-05,29,17.938394107513933,0.23610665006130732
fixed_warmup_hp_0002,400.0,54.25,4.44945830177189e-05,23,11.862122063023456,0.29034797782207494
fixed_warmup_hp_0002,400.0,54.75,8.88395494891807e-05,29,16.32966636438065,0.2474636100296145
fixed_warmup_hp_0002,400.0,55.25,4.844903129174906e-05,25,13.292735211547509,0.2742791678131103
fixed_warmup_hp_0002,400.0,55.75,2.816521763431014e-05,15,8.185525681100874,0.3495237669688107
fixed_warmup_hp_0002,400.0,56.25,4.734854123593364e-05,23,10.229914251319286,0.3126540100886049
fixed_warmup_hp_0002,400.0,56.75,5.925629525486219e-05,18,9.249590413716469,0.3288052543735798
fixed_warmup_hp_0002,400.0,57.25,2.986133024653562e-05,13,7.501638706708284,0.36510848680020713
fixed_warmup_hp_0002,400.0,57.75,2.051190723069493e-05,6,3.7308645696120197,0.5177203758439015
fixed_warmup_hp_0002,400.0,58.25,3.601162532560071e-05,11,5.874302671072026,0.412592985444982
fixed_warmup_hp_0002,400.0,58.75,4.1108802865044893e-05,18,8.432301455947185,0.3443712903389721
fixed_warmup_hp_0002,400.0,59.25,1.0630259538523456e-05,9,4.391689356530102,0.4771821542940469
fixed_warmup_hp_0002,400.0,59.75,1.650034837401079e-05,7,4.996782274626311,0.44735756604570737
fixed_warmup_hp_0002,400.0,60.25,8.335201994270112e-06,5,2.415349768002162,0.6434428583869825
fixed_warmup_hp_0002,400.0,60.75,2.2139688092542152e-05,6,5.286496651435106,0.4349266495281539
fixed_warmup_hp_0002,400.0,61.25,6.3735604747327435e-06,5,2.5540209556521587,0.6257311447882457
fixed_warmup_hp_0002,400.0,61.75,5.800712153694584e-06,4,2.250301752747923,0.6666219670518901
fixed_warmup_hp_0002,400.0,62.25,2.4192233228235834e-06,1,1.0,1.0
fixed_warmup_hp_0002,400.0,62.75,1.920020922973765e-05,5,3.274138326068387,0.5526516719140522
fixed_warmup_hp_0002,400.0,63.25,1.350946967436591e-05,6,4.197356669187602,0.4881036582013911
fixed_warmup_hp_0002,400.0,63.75,1.9337472315091593e-06,3,2.1773841643640344,0.6776921732773008
fixed_warmup_hp_0002,400.0,64.25,0.0,0,0.0,
fixed_warmup_hp_0002,400.0,64.75,1.7674825787454416e-05,3,1.9267437324751608,0.7204237514716054
fixed_warmup_hp_0002,400.0,65.25,0.0,0,0.0,
fixed_warmup_hp_0002,400.0,65.75,0.0,0,0.0,
fixed_warmup_hp_0002,400.0,66.25,2.4711546537232123e-06,2,1.0549120956333684,0.9736253299138584
fixed_warmup_hp_0002,400.0,66.75,2.1529680190146273e-05,6,2.1359157588875384,0.6842391822728128
fixed_warmup_hp_0002,400.0,67.25,8.082225890823628e-06,4,2.2402719944310454,0.6681125428670361
fixed_warmup_hp_0002,400.0,67.75,3.3959034454956355e-06,3,1.9631780170129298,0.7137073328150237
fixed_warmup_hp_0002,400.0,68.25,0.0,0,0.0,
fixed_warmup_hp_0002,400.0,68.75,0.0,0,0.0,
fixed_warmup_hp_0002,400.0,69.25,0.0,0,0.0,
fixed_warmup_hp_0002,400.0,69.75,0.0,0,0.0,
fixed_warmup_hp_0002,400.0,70.25,0.0,0,0.0,
fixed_warmup_hp_0002,400.0,70.75,0.0,0,0.0,
fixed_warmup_hp_0002,400.0,71.25,0.0,0,0.0,
fixed_warmup_hp_0002,400.0,71.75,0.0,0,0.0,
fixed_warmup_hp_0002,400.0,72.25,0.0,0,0.0,
fixed_warmup_hp_0002,400.0,72.75,8.690674296983148e-06,1,1.0,1.0
fixed_warmup_hp_0002,400.0,73.25,0.0,0,0.0,
fixed_warmup_hp_0002,400.0,73.75,1.410842776278745e-06,1,1.0,1.0
fixed_warmup_hp_0002,400.0,74.25,0.0,0,0.0,
fixed_warmup_hp_0002,400.0,74.75,1.9149957240670935e-06,1,1.0,1.0
fixed_warmup_hp_0002,400.0,75.25,0.0,0,0.0,
fixed_warmup_hp_0002,400.0,75.75,0.0,0,0.0,
fixed_warmup_hp_0002,400.0,76.25,2.4383908291152044e-06,1,1.0,1.0
fixed_warmup_hp_0002,400.0,76.75,0.0,0,0.0,
fixed_warmup_hp_0002,400.0,77.25,0.0,0,0.0,
fixed_warmup_hp_0002,400.0,77.75,0.0,0,0.0,
fixed_warmup_hp_0002,400.0,78.25,0.0,0,0.0,
fixed_warmup_hp_0002,400.0,78.75,0.0,0,0.0,
fixed_warmup_hp_0002,400.0,79.25,0.0,0,0.0,
fixed_warmup_hp_0002,400.0,79.75,0.0,0,0.0,
fixed_warmup_hp_0002,400.0,85.0,0.0,0,0.0,
fixed_warmup_hp_0002,400.0,95.0,0.0,0,0.0,
fixed_warmup_hp_0002,400.0,105.0,0.0,0,0.0,
fixed_warmup_hp_0002,400.0,115.0,0.0,0,0.0,
fixed_warmup_hp_0002,400.0,125.0,0.0,0,0.0,
fixed_warmup_hp_0002,400.0,135.0,0.0,0,0.0,
fixed_warmup_hp_0002,400.0,145.0,0.0,0,0.0,
fixed_warmup_hp_0002,400.0,155.0,0.0,0,0.0,
fixed_warmup_hp_0002,400.0,165.0,0.0,0,0.0,
fixed_warmup_hp_0002,400.0,175.0,0.0,0,0.0,
fixed_warmup_hp_0002,400.0,185.0,0.0,0,0.0,
fixed_warmup_hp_0002,400.0,195.0,0.0,0,0.0,
fixed_warmup_hp_0002,400.0,205.0,0.0,0,0.0,
fixed_warmup_hp_0002,400.0,215.0,0.0,0,0.0,
fixed_warmup_hp_0002,400.0,225.0,0.0,0,0.0,
fixed_warmup_hp_0002,400.0,235.0,0.0,0,0.0,
fixed_warmup_hp_0002,400.0,245.0,0.0,0,0.0,
fixed_warmup_hp_0002,400.0,255.0,0.0,0,0.0,
fixed_warmup_hp_0002,400.0,270.0,0.0,0,0.0,
fixed_warmup_hp_0002,400.0,290.0,0.0,0,0.0,
fixed_warmup_hp_0002,400.0,310.0,0.0,0,0.0,
fixed_warmup_hp_0002,400.0,330.0,0.0,0,0.0,
fixed_warmup_hp_0002,400.0,350.0,0.0,0,0.0,
fixed_warmup_hp_0002,400.0,370.0,0.0,0,0.0,
fixed_warmup_hp_0002,400.0,390.0,0.0,0,0.0,
fixed_warmup_hp_0002,400.0,410.0,0.0,0,0.0,
fixed_warmup_hp_0002,400.0,430.0,0.0,0,0.0,
fixed_warmup_hp_0002,400.0,450.0,0.0,0,0.0,
fixed_warmup_hp_0002,400.0,470.0,0.0,0,0.0,
fixed_warmup_hp_0002,400.0,490.0,0.0,0,0.0,
fixed_warmup_hp_0002,400.0,510.0,0.0,0,0.0,
fixed_warmup_hp_0002,400.0,530.0,0.0,0,0.0,
fixed_warmup_hp_0002,400.0,550.0,0.0,0,0.0,
fixed_warmup_hp_0002,400.0,570.0,0.0,0,0.0,
fixed_warmup_hp_0002,400.0,590.0,0.0,0,0.0,
fixed_warmup_hp_0002,400.0,610.0,0.0,0,0.0,
fixed_warmup_hp_0002,400.0,630.0,0.0,0,0.0,
fixed_warmup_hp_0002,400.0,650.0,0.0,0,0.0,
fixed_warmup_hp_0002,400.0,670.0,0.0,0,0.0,
fixed_warmup_hp_0002,400.0,690.0,0.0,0,0.0,
fixed_warmup_hp_0002,400.0,710.0,0.0,0,0.0,
fixed_warmup_hp_0002,400.0,730.0,0.0,0,0.0,
fixed_warmup_hp_0002,400.0,750.0,0.0,0,0.0,
fixed_warmup_hp_0002,400.0,770.0,0.0,0,0.0,
fixed_warmup_hp_0002,400.0,790.0,0.0,0,0.0,
fixed_warmup_hp_0002,400.0,810.0,0.0,0,0.0,
fixed_warmup_hp_0002,400.0,830.0,0.0,0,0.0,
fixed_warmup_hp_0002,400.0,850.0,0.0,0,0.0,
fixed_warmup_hp_0002,400.0,870.0,0.0,0,0.0,
fixed_warmup_hp_0002,400.0,890.0,0.0,0,0.0,
fixed_warmup_hp_0002,400.0,910.0,0.0,0,0.0,
fixed_warmup_hp_0002,400.0,930.0,0.0,0,0.0,
fixed_warmup_hp_0002,400.0,950.0,0.0,0,0.0,
fixed_warmup_hp_0002,400.0,970.0,0.0,0,0.0,
fixed_warmup_hp_0002,400.0,990.0,0.0,0,0.0,
fixed_warmup_hp_0003,600.0,0.25,0.011669348980834337,5466,2810.7688170638025,0.018861986800719148
fixed_warmup_hp_0003,600.0,0.75,0.021888965013290962,10291,5157.378192346265,0.013924689192233863
fixed_warmup_hp_0003,600.0,1.25,0.02865488515282477,13303,6576.5093900121055,0.012331113004679158
fixed_warmup_hp_0003,600.0,1.75,0.03394845805371549,16255,8035.309940591293,0.011155747694253731
fixed_warmup_hp_0003,600.0,2.25,0.037919925036301094,18171,9136.866879327881,0.010461678060871879
fixed_warmup_hp_0003,600.0,2.75,0.041374755879869864,19496,9808.751396629243,0.010097018134693634
fixed_warmup_hp_0003,600.0,3.25,0.04303689902743086,20354,10200.26201140312,0.009901348260674058
fixed_warmup_hp_0003,600.0,3.75,0.04591892477046697,21791,10916.996806646224,0.009570803690124592
fixed_warmup_hp_0003,600.0,4.25,0.04777431860907509,22413,11170.536368481617,0.009461565202569607
fixed_warmup_hp_0003,600.0,4.75,0.048686934332747005,23160,11653.272597107029,0.00926352007763609
fixed_warmup_hp_0003,600.0,5.25,0.05034012678779739,24012,12089.78673299568,0.00909474821078226
fixed_warmup_hp_0003,600.0,5.75,0.05064224803712537,24117,12058.436591833479,0.009106563032717122
fixed_warmup_hp_0003,600.0,6.25,0.05021429470567805,23786,11859.63770080139,0.009182570872869628
fixed_warmup_hp_0003,600.0,6.75,0.05083751921293599,23913,11979.743217940006,0.0091364239884198
fixed_warmup_hp_0003,600.0,7.25,0.051306274051465955,24148,12015.418680725208,0.009122850243406552
fixed_warmup_hp_0003,600.0,7.75,0.05058695270377138,23565,11930.373176935549,0.009155308558731597
fixed_warmup_hp_0003,600.0,8.25,0.049979412849432456,23381,11660.32483066525,0.009260718338024934
fixed_warmup_hp_0003,600.0,8.75,0.049376697064085054,23403,11829.28884441444,0.00919434258686455
fixed_warmup_hp_0003,600.0,9.25,0.04819352041007545,22648,11368.102145270208,0.009378988781975635
fixed_warmup_hp_0003,600.0,9.75,0.0488256340595253,22718,11351.765656019574,0.009385735074513003
fixed_warmup_hp_0003,600.0,10.25,0.047894148829702526,22383,11242.773627741393,0.009431119914986144
fixed_warmup_hp_0003,600.0,10.75,0.04759863371063761,22057,10946.029346460307,0.00955810277261618
fixed_warmup_hp_0003,600.0,11.25,0.045157308044442776,21341,10719.516940306023,0.009658560233322237
fixed_warmup_hp_0003,600.0,11.75,0.04431360286911231,20827,10386.788735480483,0.009812040923342466
fixed_warmup_hp_0003,600.0,12.25,0.04370674704430581,20426,10227.96660687502,0.009887929226899418
fixed_warmup_hp_0003,600.0,12.75,0.041454420476586935,19500,9829.124964495566,0.01008654828135385
fixed_warmup_hp_0003,600.0,13.25,0.04048620085504419,18793,9365.72383899085,0.010333068919642268
fixed_warmup_hp_0003,600.0,13.75,0.039945378197566654,18605,9240.917135508444,0.010402613478446775
fixed_warmup_hp_0003,600.0,14.25,0.0373941207170169,17435,8781.211862957449,0.010671433743332542
fixed_warmup_hp_0003,600.0,14.75,0.03652245599231768,16857,8469.992654526171,0.010865719341875501
fixed_warmup_hp_0003,600.0,15.25,0.036016705813764566,16310,8170.999834211972,0.011062732194362596
fixed_warmup_hp_0003,600.0,15.75,0.03440527249976534,15636,7828.6872535226175,0.011302005857939024
fixed_warmup_hp_0003,600.0,16.25,0.03218623051892669,14747,7416.220242220024,0.011612044477442079
fixed_warmup_hp_0003,600.0,16.75,0.03100369873972511,14126,7075.496649681641,0.011888348704708281
fixed_warmup_hp_0003,600.0,17.25,0.029069126256989777,13403,6801.89745544159,0.012125089692059424
fixed_warmup_hp_0003,600.0,17.75,0.028561123248755198,12949,6500.53092141612,0.012402966930743433
fixed_warmup_hp_0003,600.0,18.25,0.027067302713774794,12197,6086.209161593522,0.012818185825632473
fixed_warmup_hp_0003,600.0,18.75,0.025086585104783996,11296,5675.542975661805,0.013273831236853079
fixed_warmup_hp_0003,600.0,19.25,0.02470022373036672,11128,5554.82023993589,0.013417295829629501
fixed_warmup_hp_0003,600.0,19.75,0.02320775552566757,10431,5289.165230841528,0.013750118241515352
fixed_warmup_hp_0003,600.0,20.25,0.022169110018679952,10035,5007.505141776252,0.014131533684310388
fixed_warmup_hp_0003,600.0,20.75,0.020930972333317914,9396,4736.349385257421,0.014530418882196696
fixed_warmup_hp_0003,600.0,21.25,0.02065578750112704,9279,4648.27497312415,0.014667432369021157
fixed_warmup_hp_0003,600.0,21.75,0.019097876994319994,8536,4308.187324982995,0.015235359647041875
fixed_warmup_hp_0003,600.0,22.25,0.018295565058833146,8206,4052.984429103439,0.01570769762180432
fixed_warmup_hp_0003,600.0,22.75,0.017424584980543584,7623,3794.848477956476,0.016233149190327
fixed_warmup_hp_0003,600.0,23.25,0.016442056996924734,7407,3563.4136550925246,0.016752008320930295
fixed_warmup_hp_0003,600.0,23.75,0.015112000797331231,6750,3436.170678978344,0.017059356152604913
fixed_warmup_hp_0003,600.0,24.25,0.01446059289627779,6299,3245.185136586178,0.01755416842473753
fixed_warmup_hp_0003,600.0,24.75,0.01356178520081524,6048,3048.631826412525,0.01811121184148469
fixed_warmup_hp_0003,600.0,25.25,0.012960818576479934,5636,2781.045185273875,0.01896251675017068
fixed_warmup_hp_0003,600.0,25.75,0.011822730331567905,5244,2658.908880180961,0.019393146256101272
fixed_warmup_hp_0003,600.0,26.25,0.011456338184476458,4980,2488.833942441481,0.020044814406306264
fixed_warmup_hp_0003,600.0,26.75,0.010588180553642499,4692,2338.5162907916715,0.020679012710733427
fixed_warmup_hp_0003,600.0,27.25,0.010629988113955628,4509,2266.250081697549,0.021006131681191097
fixed_warmup_hp_0003,600.0,27.75,0.009619669424167651,4150,2117.151199059623,0.021733219314824533
fixed_warmup_hp_0003,600.0,28.25,0.009127872025662568,3954,1985.2620006802201,0.02244352584754745
fixed_warmup_hp_0003,600.0,28.75,0.008860761317398264,3842,1895.0103518658257,0.02297175663284907
fixed_warmup_hp_0003,600.0,29.25,0.008389997165873336,3726,1859.1275210216186,0.023192384906761822
fixed_warmup_hp_0003,600.0,29.75,0.008017367090522426,3390,1719.2864148208714,0.024117144428916017
fixed_warmup_hp_0003,600.0,30.25,0.0072353519292040445,3127,1528.6310807762059,0.025576944270679185
fixed_warmup_hp_0003,600.0,30.75,0.006984780603751772,3013,1476.1075522935541,0.026028012035161602
fixed_warmup_hp_0003,600.0,31.25,0.0068240626455535434,2911,1476.3018483366052,0.02602629920585231
fixed_warmup_hp_0003,600.0,31.75,0.006441263277127115,2753,1362.2246751351154,0.027094156100155524
fixed_warmup_hp_0003,600.0,32.25,0.006114014018961342,2569,1283.552180701788,0.027912146478419445
fixed_warmup_hp_0003,600.0,32.75,0.005753763862055772,2450,1214.9623500789498,0.028689210035635498
fixed_warmup_hp_0003,600.0,33.25,0.005559928870241272,2404,1206.7130051639047,0.028787105760575308
fixed_warmup_hp_0003,600.0,33.75,0.0051608518226377575,2243,1144.2148073662663,0.029562844441637617
fixed_warmup_hp_0003,600.0,34.25,0.004861488288526381,2107,1060.5994887793615,0.030706074075224268
fixed_warmup_hp_0003,600.0,34.75,0.004634028147469518,1962,1008.4068087542113,0.031490685551223044
fixed_warmup_hp_0003,600.0,35.25,0.004418396348206064,1873,928.2099109018455,0.03282289620298598
fixed_warmup_hp_0003,600.0,35.75,0.0038529426671169193,1728,861.2189139032879,0.03407557715504343
fixed_warmup_hp_0003,600.0,36.25,0.003956335580480325,1758,893.9073144328428,0.03344673694689086
fixed_warmup_hp_0003,600.0,36.75,0.003968253957671448,1653,820.4803891173605,0.034911290063932496
fixed_warmup_hp_0003,600.0,37.25,0.0032865382183323755,1414,693.8121650606405,0.037964618914806646
fixed_warmup_hp_0003,600.0,37.75,0.0035398360281121807,1441,726.4207414050815,0.037102731368437565
fixed_warmup_hp_0003,600.0,38.25,0.003095236658416891,1361,648.981000680648,0.03925400817898581
fixed_warmup_hp_0003,600.0,38.75,0.0029436717356057024,1248,624.775888967228,0.0400071734822942
fixed_warmup_hp_0003,600.0,39.25,0.0027028224884445592,1149,588.415647167623,0.041224736984519776
fixed_warmup_hp_0003,600.0,39.75,0.0027501870783256006,1203,584.1335201377244,0.04137556484502666
fixed_warmup_hp_0003,600.0,40.25,0.0024528123325871795,1097,532.2834470284073,0.0433439532894083
fixed_warmup_hp_0003,600.0,40.75,0.0026098072409918875,1058,555.9242872196504,0.04241233431230644
fixed_warmup_hp_0003,600.0,41.25,0.002247828566930171,962,456.3015224196673,0.046813815708074365
fixed_warmup_hp_0003,600.0,41.75,0.002232630040487012,967,503.55843582134185,0.044563065879672334
fixed_warmup_hp_0003,600.0,42.25,0.001987578882373946,864,440.7089601856456,0.04763476859671427
fixed_warmup_hp_0003,600.0,42.75,0.002088294318821441,847,418.7768733373992,0.04886620976989573
fixed_warmup_hp_0003,600.0,43.25,0.001793184599279883,803,420.9524661785681,0.048739769489625856
fixed_warmup_hp_0003,600.0,43.75,0.0018185896462466675,789,375.09831924571034,0.05163300970161234
fixed_warmup_hp_0003,600.0,44.25,0.0017600736478828938,750,372.213356382337,0.05183272283192951
fixed_warmup_hp_0003,600.0,44.75,0.0016405880534347296,684,324.12138627657805,0.05554515156213239
fixed_warmup_hp_0003,600.0,45.25,0.0014226451537919823,652,321.2158194521148,0.055795803641618257
fixed_warmup_hp_0003,600.0,45.75,0.0015004848811349246,644,324.3403628711777,0.0555263978959504
fixed_warmup_hp_0003,600.0,46.25,0.0014069485656292714,561,271.915901899158,0.06064328195597838
fixed_warmup_hp_0003,600.0,46.75,0.0011684908791870722,473,236.35646291501615,0.06504535060365083
fixed_warmup_hp_0003,600.0,47.25,0.0011301038518528894,464,242.6490233057833,0.06419640765612031
fixed_warmup_hp_0003,600.0,47.75,0.0011670716032123494,481,241.46310483059034,0.06435386122804229
fixed_warmup_hp_0003,600.0,48.25,0.0010200850188537768,420,202.35304546081744,0.07029834932832245
fixed_warmup_hp_0003,600.0,48.75,0.001015988112730052,425,213.1819732674296,0.06848962070282831
fixed_warmup_hp_0003,600.0,49.25,0.000937200701396746,382,177.82229079983836,0.07499061229728254
fixed_warmup_hp_0003,600.0,49.75,0.001042181653696645,419,212.87216981451598,0.06853944075820272
fixed_warmup_hp_0003,600.0,50.25,0.0008409843889271645,371,175.1484446022076,0.07556085396389299
fixed_warmup_hp_0003,600.0,50.75,0.0008067050597944939,328,165.24372270296698,0.07779246171071567
fixed_warmup_hp_0003,600.0,51.25,0.000702050952229019,307,159.60227575190498,0.0791553840175194
fixed_warmup_hp_0003,600.0,51.75,0.00075084362269966,310,163.3759629534825,0.07823587061954208
fixed_warmup_hp_0003,600.0,52.25,0.0007386014848808802,297,159.9291140260348,0.07907445991383547
fixed_warmup_hp_0003,600.0,52.75,0.0005705285444679185,280,137.66565522675205,0.08522896154913795
fixed_warmup_hp_0003,600.0,53.25,0.0006110192629167104,285,142.16500845281803,0.08386942052942567
fixed_warmup_hp_0003,600.0,53.75,0.000587296843574781,253,125.55033956100365,0.08924647141289846
fixed_warmup_hp_0003,600.0,54.25,0.0005547107460032896,230,115.09216771964599,0.09321313507877106
fixed_warmup_hp_0003,600.0,54.75,0.0005598100851230403,205,96.31930591897716,0.10189276036220521
fixed_warmup_hp_0003,600.0,55.25,0.0005663169545508334,240,114.1188890211486,0.09360978170547975
fixed_warmup_hp_0003,600.0,55.75,0.0004512341210358945,177,94.06756916917239,0.10310507423919456
fixed_warmup_hp_0003,600.0,56.25,0.00045095334609365534,196,106.03845219049727,0.09711097401361042
fixed_warmup_hp_0003,600.0,56.75,0.0004444982287106877,200,106.29052476981559,0.09699575422215763
fixed_warmup_hp_0003,600.0,57.25,0.000500481444686556,183,90.8077081932298,0.10493941587657471
fixed_warmup_hp_0003,600.0,57.75,0.00036972899775130583,161,69.56217274300242,0.11989841189759366
fixed_warmup_hp_0003,600.0,58.25,0.0003233133539199006,144,72.63513251291407,0.11733474488610504
fixed_warmup_hp_0003,600.0,58.75,0.00035340430561185416,153,70.80846099036897,0.1188385714152582
fixed_warmup_hp_0003,600.0,59.25,0.0003470027562834453,147,80.19164509840579,0.11166972291543957
fixed_warmup_hp_0003,600.0,59.75,0.00032651107269181094,126,62.03032055604286,0.12696908423668318
fixed_warmup_hp_0003,600.0,60.25,0.0003293856085112722,141,67.22345915733801,0.12196622210124344
fixed_warmup_hp_0003,600.0,60.75,0.00032182247593888437,117,61.01966058521718,0.1280162514767163
fixed_warmup_hp_0003,600.0,61.25,0.0002661665060230262,106,52.0646611433015,0.138588909313584
fixed_warmup_hp_0003,600.0,61.75,0.00018873488681499245,85,44.351008150676954,0.1501579227921839
fixed_warmup_hp_0003,600.0,62.25,0.00027276188675590763,89,52.84585018745888,0.13756075645694718
fixed_warmup_hp_0003,600.0,62.75,0.00022425703429789127,76,43.77870271959318,0.15113621995486515
fixed_warmup_hp_0003,600.0,63.25,0.0002736012982049338,107,48.74088995900068,0.14323635891116848
fixed_warmup_hp_0003,600.0,63.75,0.00018821431175034266,93,41.76783573917432,0.15473159910847042
fixed_warmup_hp_0003,600.0,64.25,0.0002055599881047835,80,34.537497321014605,0.1701588602294455
fixed_warmup_hp_0003,600.0,64.75,0.00025378737544482145,86,42.34977889566975,0.15366481108404534
fixed_warmup_hp_0003,600.0,65.25,0.00017863191132537793,77,40.855552228559276,0.15644960012969245
fixed_warmup_hp_0003,600.0,65.75,0.00011477786071280261,49,21.435719674837834,0.21598866767976097
fixed_warmup_hp_0003,600.0,66.25,0.00014817001043340326,59,28.43635849450729,0.18752665615309022
fixed_warmup_hp_0003,600.0,66.75,0.0001797867248576696,64,32.24206571327802,0.1761118465029493
fixed_warmup_hp_0003,600.0,67.25,0.0001258644782894042,63,31.05468337585041,0.17944710122499372
fixed_warmup_hp_0003,600.0,67.75,0.00011203374486899786,44,21.291413426564585,0.2167193819680553
fixed_warmup_hp_0003,600.0,68.25,0.0001518219998804335,57,32.670823448759606,0.17495242219937734
fixed_warmup_hp_0003,600.0,68.75,0.00010453048699246331,49,21.2402122826327,0.21698043400140404
fixed_warmup_hp_0003,600.0,69.25,0.00017196476327876483,52,19.59647899793356,0.22589726706479918
fixed_warmup_hp_0003,600.0,69.75,0.0001301441242363203,50,21.485632783137493,0.2157376409989584
fixed_warmup_hp_0003,600.0,70.25,8.800980072428265e-05,43,16.809105249933427,0.2439089304115362
fixed_warmup_hp_0003,600.0,70.75,6.958968435945241e-05,31,19.99953624469793,0.22360939026601595
fixed_warmup_hp_0003,600.0,71.25,0.00011978009100399451,33,20.87944562941248,0.21884696001340487
fixed_warmup_hp_0003,600.0,71.75,8.533911374605555e-05,33,19.051799958231097,0.22910364225385643
fixed_warmup_hp_0003,600.0,72.25,9.166446833763454e-05,35,15.71822655704013,0.25223086419550383
fixed_warmup_hp_0003,600.0,72.75,6.438781931126244e-05,19,7.567686727904431,0.3635117280493603
fixed_warmup_hp_0003,600.0,73.25,7.580855220702323e-05,35,19.811441413002182,0.22466838464580854
fixed_warmup_hp_0003,600.0,73.75,6.562129292017915e-05,23,10.216258559776929,0.3128628967826148
fixed_warmup_hp_0003,600.0,74.25,6.208064993557442e-05,23,11.398821558996476,0.29618974814116006
fixed_warmup_hp_0003,600.0,74.75,4.8645280791280295e-05,18,8.37308891944777,0.3455868019875987
fixed_warmup_hp_0003,600.0,75.25,6.2137882995318e-05,25,10.744001750979926,0.3050822669325846
fixed_warmup_hp_0003,600.0,75.75,7.223528188824396e-05,22,14.879343293792608,0.25924364440804143
fixed_warmup_hp_0003,600.0,76.25,4.108377423989721e-05,17,10.485572902137097,0.3088189328978039
fixed_warmup_hp_0003,600.0,76.75,6.796162579998565e-05,21,11.37499992710734,0.29649972761444726
fixed_warmup_hp_0003,600.0,77.25,6.0073527156258565e-05,18,5.863367663199487,0.41297754310978174
fixed_warmup_hp_0003,600.0,77.75,5.353069164696042e-05,17,10.188523907288806,0.31328843666982564
fixed_warmup_hp_0003,600.0,78.25,6.167836596705243e-05,24,12.859578457493638,0.27886026373383643
fixed_warmup_hp_0003,600.0,78.75,7.518373252896479e-05,24,11.849795719596516,0.29049895083215377
fixed_warmup_hp_0003,600.0,79.25,4.929337158599569e-05,22,10.909634396354525,0.30275749386509115
fixed_warmup_hp_0003,600.0,79.75,2.9255738703388732e-05,18,7.638360297055789,0.36182613243750794
fixed_warmup_hp_0003,600.0,85.0,2.304504738611737e-05,192,98.51576395083886,0.10075048263534934
fixed_warmup_hp_0003,600.0,95.0,8.785084477362805e-06,64,35.81917887946663,0.16708681749244805
fixed_warmup_hp_0003,600.0,105.0,4.616515333433903e-06,44,22.35812113348214,0.21148635279526706
fixed_warmup_hp_0003,600.0,115.0,1.308004757810213e-06,13,5.045651214639339,0.4451858857118104
fixed_warmup_hp_0003,600.0,125.0,0.0,0,0.0,
fixed_warmup_hp_0003,600.0,135.0,0.0,0,0.0,
fixed_warmup_hp_0003,600.0,145.0,0.0,0,0.0,
fixed_warmup_hp_0003,600.0,155.0,0.0,0,0.0,
fixed_warmup_hp_0003,600.0,165.0,0.0,0,0.0,
fixed_warmup_hp_0003,600.0,175.0,0.0,0,0.0,
fixed_warmup_hp_0003,600.0,185.0,0.0,0,0.0,
fixed_warmup_hp_0003,600.0,195.0,0.0,0,0.0,
fixed_warmup_hp_0003,600.0,205.0,0.0,0,0.0,
fixed_warmup_hp_0003,600.0,215.0,0.0,0,0.0,
fixed_warmup_hp_0003,600.0,225.0,0.0,0,0.0,
fixed_warmup_hp_0003,600.0,235.0,0.0,0,0.0,
fixed_warmup_hp_0003,600.0,245.0,0.0,0,0.0,
fixed_warmup_hp_0003,600.0,255.0,0.0,0,0.0,
fixed_warmup_hp_0003,600.0,270.0,0.0,0,0.0,
fixed_warmup_hp_0003,600.0,290.0,0.0,0,0.0,
fixed_warmup_hp_0003,600.0,310.0,0.0,0,0.0,
fixed_warmup_hp_0003,600.0,330.0,0.0,0,0.0,
fixed_warmup_hp_0003,600.0,350.0,0.0,0,0.0,
fixed_warmup_hp_0003,600.0,370.0,0.0,0,0.0,
fixed_warmup_hp_0003,600.0,390.0,0.0,0,0.0,
fixed_warmup_hp_0003,600.0,410.0,0.0,0,0.0,
fixed_warmup_hp_0003,600.0,430.0,0.0,0,0.0,
fixed_warmup_hp_0003,600.0,450.0,0.0,0,0.0,
fixed_warmup_hp_0003,600.0,470.0,0.0,0,0.0,
fixed_warmup_hp_0003,600.0,490.0,0.0,0,0.0,
fixed_warmup_hp_0003,600.0,510.0,0.0,0,0.0,
fixed_warmup_hp_0003,600.0,530.0,0.0,0,0.0,
fixed_warmup_hp_0003,600.0,550.0,0.0,0,0.0,
fixed_warmup_hp_0003,600.0,570.0,0.0,0,0.0,
fixed_warmup_hp_0003,600.0,590.0,0.0,0,0.0,
fixed_warmup_hp_0003,600.0,610.0,0.0,0,0.0,
fixed_warmup_hp_0003,600.0,630.0,0.0,0,0.0,
fixed_warmup_hp_0003,600.0,650.0,0.0,0,0.0,
fixed_warmup_hp_0003,600.0,670.0,0.0,0,0.0,
fixed_warmup_hp_0003,600.0,690.0,0.0,0,0.0,
fixed_warmup_hp_0003,600.0,710.0,0.0,0,0.0,
fixed_warmup_hp_0003,600.0,730.0,0.0,0,0.0,
fixed_warmup_hp_0003,600.0,750.0,0.0,0,0.0,
fixed_warmup_hp_0003,600.0,770.0,0.0,0,0.0,
fixed_warmup_hp_0003,600.0,790.0,0.0,0,0.0,
fixed_warmup_hp_0003,600.0,810.0,0.0,0,0.0,
fixed_warmup_hp_0003,600.0,830.0,0.0,0,0.0,
fixed_warmup_hp_0003,600.0,850.0,0.0,0,0.0,
fixed_warmup_hp_0003,600.0,870.0,0.0,0,0.0,
fixed_warmup_hp_0003,600.0,890.0,0.0,0,0.0,
fixed_warmup_hp_0003,600.0,910.0,0.0,0,0.0,
fixed_warmup_hp_0003,600.0,930.0,0.0,0,0.0,
fixed_warmup_hp_0003,600.0,950.0,0.0,0,0.0,
fixed_warmup_hp_0003,600.0,970.0,0.0,0,0.0,
fixed_warmup_hp_0003,600.0,990.0,0.0,0,0.0,
