time,num_collisions,num_null_collisions,num_electrons,num_cations,num_anions,mean_energy,mean_position_x,mean_position_y,mean_position_z,var_position_x,var_position_y,var_position_z,mean_velocity_x,mean_velocity_y,mean_velocity_z,mean_velocity_moment_x,mean_velocity_moment_y,mean_velocity_moment_z
0.0,0.0,10000.0,10000.0,0.0,0.0,0.0,0.0,0.0,0.0,0.0,0.0,0.0,0.0,0.0,0.0,0.0,0.0,0.0
2.6292545538832446e-15,0.0,10000.0,10000.0,0.0,0.0,0.0031892613228827523,0.0,0.0,4.403250456176749e-11,0.0,0.0,4.176194859519056e-53,0.0,0.0,33494.28795073054,0.0,0.0,1.4748373869836972e-06
5.628890597000833e-15,62.0,9938.0,10000.0,0.0,0.0,0.014568848563722793,-2.3188221621112772e-14,2.5393976241292763e-14,2.0114466666441665e-10,2.5091112262176432e-23,1.9527472758917247e-23,8.965463449153251e-23,-7.730345044465039,8.465685795300763,71483.3789905633,8.364898139348958e-09,6.510162343779079e-09,1.440838894330913e-05
9.415179396184674e-15,100.0,9900.0,10000.0,0.0,0.0,0.040591880672861215,-2.4455602652255693e-13,-7.709381744953003e-14,5.604314318594359e-10,3.639637097705774e-22,3.607740747437571e-22,1.4042275400094807e-21,-58.46564185731461,-27.068139575859817,119008.45812897148,8.115068966735679e-08,8.361817141170691e-08,6.701386027550246e-05
1.032855118883691e-14,1708.0,8292.0,10000.0,0.0,0.0,0.04750305992188122,-2.22871228304918e-13,-4.2208213485381663e-13,6.558520524284815e-10,1.1784016317154736e-21,1.1617929038206984e-21,4.3242754937842236e-21,23.74148007644383,-377.70853028262894,110288.49171525087,8.185751690327515e-07,8.084341964197503e-07,7.526508695212331e-05
1.3103816435966958e-14,146.0,9854.0,10000.0,0.0,0.0,0.07292352843636705,-4.358002807625613e-14,-1.2377223157852411e-12,1.0068196495090432e-09,1.2454798780116315e-20,1.2292528081888541e-20,4.432256296812062e-20,64.60326644960166,-293.8962975790848,144139.88690951228,3.264841233616543e-06,3.2220229936950715e-06,0.00015664487990571185
1.6019275862946126e-14,853.0,9147.0,10000.0,0.0,0.0,0.10501129613747526,1.1298215907253984e-12,-1.7606820278121314e-12,1.4498403574735658e-09,4.1191759884432333e-20,4.0653367161724076e-20,1.4861371182921087e-19,402.4757154715286,-179.37471781891722,170525.84783346992,7.046955562489912e-06,6.9611109707988435e-06,0.0002723637539691279
2.0159823097222846e-14,69.0,9931.0,10000.0,0.0,0.0,0.16375439155805474,2.8967259630717914e-12,-3.1482392247935925e-12,2.2608764628854187e-09,1.251645456004628e-19,1.2405947987517323e-19,4.4389446415350805e-19,426.7320893526868,-335.1144470699029,222249.9337898525,1.3289803321950799e-05,1.3220105828866086e-05,0.0005488333316597191
2.198367798314399e-14,246.0,9754.0,10000.0,0.0,0.0,0.1937844452359505,3.2294614728516046e-12,-3.74071646963656e-12,2.6771064230847954e-09,1.7870522873145539e-19,1.772862650688901e-19,6.309491783256011e-19,182.4352980866476,-324.8488952802495,239831.52441180553,1.6487281702570426e-05,1.6318787532651246e-05,0.0006995093956838587
2.217429150049358e-14,546.0,9454.0,10000.0,0.0,0.0,0.19645253619620548,3.3147442712141475e-12,-3.736055211705048e-12,2.720994577404487e-09,1.8443999772846545e-19,1.829921707415291e-19,6.530246387633821e-19,447.4121224369009,24.453973654788964,231460.93059988235,1.5309267530607207e-05,1.5222612797653893e-05,0.000688670086285144
3.276180180313505e-14,49.0,9951.0,10000.0,0.0,0.0,0.4251670095768417,6.146382918593827e-12,-2.870659102654423e-12,5.878834071457222e-09,8.248701204435745e-19,8.059623537211079e-19,3.049706972450398e-18,267.45085165803494,81.73745142280683,365698.39712307876,4.531605493673477e-05,4.383287650645733e-05,0.002317345112894447
3.5059390403421454e-14,87.0,9913.0,10000.0,0.0,0.0,0.48775935210542937,5.704833807383789e-12,-3.643077524514528e-12,6.7454921010732245e-09,1.048102088661661e-18,1.0223125684534324e-18,3.875708312586177e-18,-192.17936194277715,-336.1865661084049,391837.8961634737,5.2320667845699255e-05,5.065358761592631e-05,0.0028363041237287026
3.7213531946995295e-14,135.0,9865.0,10000.0,0.0,0.0,0.550039288870802,5.7167763252828724e-12,-4.702761276395547e-12,7.608408912020346e-09,1.2873628073677606e-18,1.2566492121516451e-18,4.764287018182037e-18,5.543980122715444,-491.92856200291476,414305.90192013833,5.975472129155981e-05,5.853534178280615e-05,0.003373614273748784
3.837574417929308e-14,296.0,9704.0,10000.0,0.0,0.0,0.5839959212209864,6.470725873120636e-12,-5.002243035225123e-12,8.083806975392533e-09,1.4313152944977067e-18,1.3974657118186188e-18,5.288373486299805e-18,648.719336181085,-257.682504543495,416448.5848622154,6.522567721449015e-05,6.384102739299052e-05,0.0036040044330135396
4.143544408336725e-14,82.0,9918.0,10000.0,0.0,0.0,0.6797647343724107,8.823966568753025e-12,-6.374446364870136e-12,9.407658512652728e-09,1.882306197049105e-18,1.8443850399387353e-18,6.92937922131306e-18,769.1083339574982,-448.47644300601024,452162.537042367,8.302608745897924e-05,8.252578863220442e-05,0.004556177013849883
4.3780247145666887e-14,148.0,9852.0,10000.0,0.0,0.0,0.7575295326735815,1.0688143558874047e-11,-8.060098411578641e-12,1.0484939492929986e-08,2.308690487423052e-18,2.2684431917851007e-18,8.447886329307545e-18,795.0249724992866,-718.8885385774419,474368.7770552931,9.943463902877294e-05,9.896398690541822e-05,0.0053290823977230626
4.699662402352872e-14,93.0,9907.0,10000.0,0.0,0.0,0.8718035636058954,1.4699472684836375e-11,-9.438109107173628e-12,1.2063997706830272e-08,3.0247836995454735e-18,2.9850829326309943e-18,1.1005354360296867e-17,1247.157680299256,-428.43570511894,511429.99909643555,0.00012411488488582172,0.00012438236929433963,0.00661424995272851
4.930257677554165e-14,206.0,9794.0,10000.0,0.0,0.0,0.9576034907607401,1.7778826166488868e-11,-9.870910728916432e-12,1.3249931574241095e-08,3.643199134610354e-18,3.610754329617531e-18,1.3174323643337075e-17,1335.3931380269773,-187.68885067788332,528980.2132707733,0.00014570623074857474,0.00014743627511311654,0.007521640640341207
5.2248977537556616e-14,132.0,9868.0,10000.0,0.0,0.0,1.0727826163762215,2.1483241536904537e-11,-1.215271055279427e-11,1.4840725698457813e-08,4.587085162776014e-18,4.5734383461447425e-18,1.6494969447373486e-17,1257.2679922477082,-774.4363405327691,558678.2001155355,0.00017699477487177734,0.0001810240880004781,0.008916374251648937
5.6768435103402296e-14,117.0,9883.0,10000.0,0.0,0.0,1.2628526818408177,2.612906253862374e-11,-1.0937144694316865e-11,1.7465024295896285e-08,6.4460893777035044e-18,6.4729604521431255e-18,2.2988128427738305e-17,1027.9598677568008,268.9627772287618,609453.5882770275,0.00023472835663776844,0.0002403443252117859,0.011467733669346324
6.224950673392401e-14,159.0,9841.0,10000.0,0.0,0.0,1.5142887384498007,3.2778174081807324e-11,-5.661739252071695e-12,2.0936955140591746e-08,9.447260150614372e-18,9.53526558993283e-18,3.342854695940476e-17,1213.104296276217,962.47701140571,668352.0606280337,0.0003152877802445809,0.00032256884055143343,0.015096588817013139
6.420945027001984e-14,546.0,9454.0,10000.0,0.0,0.0,1.6053756143572435,3.35876973798369e-11,-3.760898837078711e-12,2.2195232483516068e-08,1.0727621234642162e-17,1.0853560346126607e-17,3.7670545840887574e-17,413.03398956182485,969.8444776523746,654480.6710864193,0.0003518939483733818,0.0003610463381441107,0.015692171937650577
6.560139900852643e-14,924.0,9076.0,10000.0,0.0,0.0,1.6656911822957365,3.3726958387076174e-11,-9.318003942651844e-13,2.3028873211013026e-08,1.1737641224343006e-17,1.187643200762162e-17,4.0666290473726195e-17,100.0475113679151,2032.4731540393088,607767.9621909831,0.00039237484298119957,0.00039656724271518076,0.015164309474805333
6.761514097861454e-14,540.0,9460.0,10000.0,0.0,0.0,1.7507453594182663,3.320766141709449e-11,4.4864589901573e-12,2.420338651156531e-08,1.3484456327748913e-17,1.3633807592531918e-17,4.5560773875289086e-17,-257.87661860122756,2690.642329009707,596075.765563536,0.00048590604643632915,0.00048731741573025575,0.015801498076389073
6.853133986804585e-14,1001.0,8999.0,10000.0,0.0,0.0,1.7863011382727794,3.12829705993129e-11,8.348601581812169e-12,2.4695090555874225e-08,1.436159341185965e-17,1.4532820580477183e-17,4.786936799520066e-17,-2100.734720357789,4215.397591293909,542514.0463531972,0.0005111038220176463,0.0005220608511533908,0.014746429208705879
7.143447217196301e-14,304.0,9696.0,10000.0,0.0,0.0,1.90052585251719,3.038569919503307e-11,2.0300596289836e-11,2.6272432411275452e-08,1.7933472251577646e-17,1.8127384749175146e-17,5.704609606099795e-17,-309.0701044072899,4116.930768844787,561815.7570724087,0.0007259524943057723,0.0007261875951639406,0.01663518091690299
8.042815936116309e-14,244.0,9756.0,10000.0,0.0,0.0,2.2935319501144735,1.4611075322710653e-11,6.389418370803981e-11,3.169847933112592e-08,3.7309685048480344e-17,3.730517047472651e-17,1.0650691904804484e-16,-1753.966258829312,4847.131827150096,660602.9399601255,0.0014405262572813405,0.001416080461427664,0.024642377690649458
8.272774778383662e-14,567.0,9433.0,10000.0,0.0,0.0,2.3983445193134174,1.3663754456232755e-11,7.682073591584456e-11,3.314742916268809e-08,4.4184011364474376e-17,4.4047256245310256e-17,1.2332568226362817e-16,-411.9523550986336,5621.245993566188,644738.2624320255,0.0016037216441840488,0.0015726138500547237,0.025305067046285278
8.511408893387405e-14,554.0,9446.0,10000.0,0.0,0.0,2.504558209796226,8.14731532283907e-12,9.06554632970998e-11,3.4615724985421774e-08,5.214358034116739e-17,5.187948255790702e-17,1.4209531654877132e-16,-2311.672466992887,5797.46419787389,630491.5635251923,0.0017960139311669532,0.0017684423394713547,0.02607932776249442
8.775810646249362e-14,564.0,9436.0,10000.0,0.0,0.0,2.619936940922572,3.924282364828623e-12,1.1008066101745303e-10,3.621171095950658e-08,6.20309216425473e-17,6.17207355470478e-17,1.647115042400316e-16,-1597.2030867039234,7346.849069678843,620462.7331053116,0.002029854694857159,0.002021249042588936,0.027134723864373735
8.994812537858721e-14,676.0,9324.0,10000.0,0.0,0.0,2.7122299731868456,1.6995698351517341e-12,1.2517793825456684e-10,3.74919480765944e-08,7.113556665562902e-17,7.06879126181625e-17,1.8465100203158955e-16,-1015.8416958540026,6893.674354212128,598527.523892143,0.0022284270185217725,0.002198907610612033,0.027344183961367792
9.240228868271012e-14,643.0,9357.0,10000.0,0.0,0.0,2.8127396385521175,-2.8219488605560495e-12,1.3749353509723644e-10,3.888390162433896e-08,8.255089867799484e-17,8.1764397229891e-17,2.0841010314522743e-16,-1842.387052284506,5018.2466757529155,582812.3840947889,0.002511928468071527,0.0024438388646502063,0.027927159139510827
9.376260894114668e-14,1670.0,8330.0,10000.0,0.0,0.0,2.856452950771619,-1.3878853315698852e-12,1.4423887548015052e-10,3.9518352524342256e-08,8.884131205270476e-17,8.783508650846995e-17,2.197482146713327e-16,1054.2102274021458,4958.641423650178,475062.8006250964,0.0024420222390400858,0.00236098659453144,0.023212203155304326
9.583709072737693e-14,860.0,9140.0,10000.0,0.0,0.0,2.9210564138626096,5.871656604602774e-12,1.4852947901176553e-10,4.0429136685085205e-08,9.919661125461965e-17,9.795729771235479e-17,2.375780759661117e-16,3499.4483848251716,2068.2772729530325,452255.2688782644,0.0027112699164608864,0.002653030339196458,0.023006934734975528
9.758379677905026e-14,1212.0,8788.0,10000.0,0.0,0.0,2.9686523808249605,1.5077355818736927e-11,1.476114070296543e-10,4.1116454726651826e-08,1.0830861494801884e-16,1.0709259995914759e-16,2.524198193710065e-16,5270.319642686932,-525.6018785941374,404619.53813457064,0.002808656329716569,0.002813466084883973,0.02125524773902204
1.0534629466604947e-13,420.0,9580.0,10000.0,0.0,0.0,3.2102536512171933,6.904040791242611e-11,1.3313830486588286e-10,4.445694960556027e-08,1.6414550023631505e-16,1.6350143099011257e-16,3.4471758268557524e-16,6951.7638367499785,-1864.4903192838583,479781.168141998,0.004512701201084558,0.004541827036938148,0.02893969885488303
1.0849319387915558e-13,593.0,9407.0,10000.0,0.0,0.0,3.313593094068629,8.732124990504904e-11,1.2546795637323102e-10,4.590699486695598e-08,1.937007726829795e-16,1.9297949229747998e-16,3.9231472809544414e-16,5809.160305003559,-2437.430617639927,480829.7182003836,0.005089012180395576,0.005074315955564827,0.030322648652764735
1.129723145177455e-13,547.0,9453.0,10000.0,0.0,0.0,3.464213136809545,1.1810262646807924e-10,1.0468139999768568e-10,4.801387812824528e-08,2.426536493157853e-16,2.4082304133261625e-16,4.680556892263656e-16,6872.191898077659,-4640.767251602586,498908.7123835577,0.006050454588607163,0.005924567257689868,0.03341152430497209
1.1318061077626566e-13,2713.0,7287.0,10000.0,0.0,0.0,3.4545167522707305,1.1999614245468966e-10,1.0387111941312741e-10,4.80762289847013e-08,2.4459072361814325e-16,2.4278957183666045e-16,4.700011231728754e-16,9090.494471974655,-3890.0390737448283,300664.132303649,0.0046857689194548125,0.004754063451093402,0.01917297675418559
1.175389681092035e-13,559.0,9441.0,10000.0,0.0,0.0,3.5479352212880197,1.646635405667175e-10,8.248788453805807e-11,4.9395713399940885e-08,2.901246925204956e-16,2.885565392614202e-16,5.151331301206096e-16,10248.677357053413,-4906.26014380869,330508.8376700343,0.005968662532724812,0.005979430068034441,0.022512153689756415
1.207064498811519e-13,686.0,9314.0,10000.0,0.0,0.0,3.6170769738543305,1.923278995161363e-10,5.588039576441369e-11,5.0385264065749095e-08,3.2935210203822783e-16,3.273592878510075e-16,5.531292698442948e-16,8733.865240967665,-8400.20264971481,332584.6734362747,0.00675285426956877,0.006669260713884417,0.023491359707541674
1.2409136098216948e-13,612.0,9388.0,10000.0,0.0,0.0,3.692739085869744,2.0614703498329662e-10,4.4710341907950014e-11,5.147185241752294e-08,3.764436505581024e-16,3.738723482127934e-16,5.9808864417522065e-16,4082.5696908275986,-3299.9548653155953,342569.74986565916,0.007567314120459861,0.007466103487809364,0.02506765750445883
1.2637007813408343e-13,1085.0,8915.0,10000.0,0.0,0.0,3.733448894403533,2.1180577127004403e-10,3.7485488701044614e-11,5.2140487156232754e-08,4.0971346253064737e-16,4.0615415896284103e-16,6.256563594928612e-16,2483.2991150281114,-3170.5792010373098,307940.328919249,0.0077344206900150595,0.007504339611632787,0.022638460240049427
1.286614189233028e-13,1072.0,8928.0,10000.0,0.0,0.0,3.771789998909722,2.3325119885248704e-10,3.566464672178592e-11,5.275981778296978e-08,4.4396560139437057e-16,4.3899041938745703e-16,6.511339844119696e-16,9359.33567077516,-794.662229130496,284886.588664452,0.007925068298179735,0.007604714881495819,0.0211290002476054
1.3125750615727152e-13,1029.0,8971.0,10000.0,0.0,0.0,3.812381450890748,2.4684390959090515e-10,2.689160550730946e-11,5.34095086478772e-08,4.837978868459116e-16,4.771426098503814e-16,6.779131811043542e-16,5235.845144401609,-3379.3322118320843,266793.60061192355,0.008191321062104996,0.00786177278995517,0.02002295672186138
1.3412861041195424e-13,881.0,9119.0,10000.0,0.0,0.0,3.858726927425334,2.7694051752168615e-10,8.433591825543902e-12,5.411002770796634e-08,5.300850735176762e-16,5.219320001142691e-16,7.077421460911978e-16,10482.589714983034,-6428.890087032153,262277.0348789562,0.00865012612734206,0.008382404985750738,0.0200673124834258
1.3675349988180554e-13,985.0,9015.0,10000.0,0.0,0.0,3.895260766102094,2.9885079276344557e-10,-8.978526747524932e-12,5.472335645001748e-08,5.739349214945171e-16,5.638577126288006e-16,7.344480978288167e-16,8347.122990668508,-6633.4673414097,250378.223595686,0.00890404086282615,0.00853454995283768,0.01940735501246966
1.3853174390483584e-13,1523.0,8477.0,10000.0,0.0,0.0,3.910435118388778,3.069331847103997e-10,-2.7551106966136393e-11,5.508268396492097e-08,6.019727330304941e-16,5.916223986507551e-16,7.491908826445311e-16,4545.153444790342,-10444.33721023392,213395.32972639537,0.008269817209153794,0.00818719167128959,0.016317148191772154
1.4066958270478609e-13,1200.0,8800.0,10000.0,0.0,0.0,3.928825263759734,3.13190823544842e-10,-4.677055661099785e-11,5.5473360260528765e-08,6.354466152072625e-16,6.247811089464043e-16,7.643098838970793e-16,2927.086380221018,-8990.130427658407,196360.62188526595,0.00829919228725757,0.00821900036364259,0.014932034130687034
1.4359648841603216e-13,910.0,9090.0,10000.0,0.0,0.0,3.962363753555868,3.2780587529396857e-10,-6.856550716490873e-11,5.602189093394779e-08,6.83840782782723e-16,6.722648728262911e-16,7.865201321943289e-16,4993.34559803927,-7446.413620421059,206052.7971279654,0.008920203311252468,0.008750986209060627,0.01602482852864558
1.4550904523739957e-13,1452.0,8548.0,10000.0,0.0,0.0,3.9717735894841755,3.4186848905072347e-10,-8.699460564038315e-11,5.6343798130756814e-08,7.156606085639191e-16,7.02490520852297e-16,7.989270049797019e-16,7352.7822021521215,-9635.843635902109,180494.59645192354,0.008750254766711712,0.008328305234296278,0.01386337848979253
1.4817830648168924e-13,1014.0,8986.0,10000.0,0.0,0.0,3.9989418431039847,3.5318252418037423e-10,-1.0904828386261709e-10,5.680108109513997e-08,7.607643020123007e-16,7.4594117403311e-16,8.171339040727338e-16,4238.639119289901,-8262.090595071266,188316.39664469776,0.009055688730306072,0.008734629233852436,0.0147368889312532
1.5012273206831804e-13,1424.0,8576.0,10000.0,0.0,0.0,4.011508464542279,3.433065539540057e-10,-1.2411324532360916e-10,5.711299928148746e-08,7.926357108487635e-16,7.773620099708676e-16,8.293756957786749e-16,-5079.119660984962,-7747.769605887293,172801.72100788346,0.008636686164274637,0.008517495258838444,0.01348026686180808
1.524603240133915e-13,1151.0,8849.0,10000.0,0.0,0.0,4.030095520194029,3.415351513034278e-10,-1.3491129246433667e-10,5.7483794125106244e-08,8.305871647711348e-16,8.149104087042838e-16,8.447252579711004e-16,-757.7895082634903,-4619.303708452873,173511.95782724972,0.008655491344186302,0.008563765401047576,0.01380921987821535
1.5522788276362788e-13,963.0,9037.0,10000.0,0.0,0.0,4.054114236810539,3.4154798772912557e-10,-1.5229016329748286e-10,5.7919635123534995e-08,8.774576605171893e-16,8.61090449542577e-16,8.632499250710086e-16,4.63817640609555,-6279.494818912819,175110.19067790938,0.009105663656542244,0.008981865467502431,0.01414435064748557
1.5705278888752479e-13,1539.0,8461.0,10000.0,0.0,0.0,4.059580387971142,3.523948256417933e-10,-1.544479227363187e-10,5.81800373626743e-08,9.07369194919438e-16,8.90584518862661e-16,8.73731640727458e-16,5943.778570650749,-1182.394760245683,154317.31232570982,0.008618354702650592,0.008507813103073265,0.012283725570301761
1.6154174403524093e-13,779.0,9221.0,10000.0,0.0,0.0,4.103224341574128,3.624541357504374e-10,-1.4871191794912046e-10,5.890276594231463e-08,9.883181237814767e-16,9.70361895070489e-16,9.075114787485942e-16,2240.902343112517,1277.8039874416359,189594.09767709931,0.010073976555439283,0.00992318302733499,0.01599495704850718
1.6352668312979456e-13,1372.0,8628.0,10000.0,0.0,0.0,4.113493166152564,3.715881258398517e-10,-1.4696592970436423e-10,5.9204480577873815e-08,1.024686783661912e-15,1.005611803133395e-15,9.212246497182666e-16,4601.647533909984,879.618044476483,164645.11177647192,0.009633222090754803,0.009344617436318894,0.013675426495380248
1.6734173014486505e-13,790.0,9210.0,10000.0,0.0,0.0,4.152767227369026,3.8105701558089437e-10,-1.4916547251140874e-10,5.984224718131005e-08,1.0995811067641139e-15,1.0775099781699956e-15,9.523240343926892e-16,2481.9850721729003,-576.5440893272527,191471.4587883738,0.010720579090138644,0.010324510455040296,0.01644508609330362
1.705573756685922e-13,826.0,9174.0,10000.0,0.0,0.0,4.189913567866204,3.8389475590852854e-10,-1.411925572037733e-10,6.04385132803705e-08,1.1678011332502942e-15,1.1438661004222734e-15,9.826233589009384e-16,882.4792119328421,2479.4136196934687,205908.7486928161,0.011372960689810446,0.011083213321598279,0.0179266102403768
1.740924975711603e-13,802.0,9198.0,10000.0,0.0,0.0,4.232091770670297,3.7286935473671017e-10,-1.47416729068744e-10,6.114741363118607e-08,1.2471024801976322e-15,1.2206434824799495e-15,1.0201280413802595e-15,-3118.817816100959,-1760.666827485969,223047.76931888808,0.012065525377907909,0.011701814011785466,0.019793974971201948
1.7651083789718637e-13,1215.0,8785.0,10000.0,0.0,0.0,4.251701284116711,3.648353948759059e-10,-1.2328324541503755e-10,6.1612592554684e-08,1.3009638909044537e-15,1.273106658603417e-15,1.0440084553273564e-15,-3322.096470187912,9979.357906735873,207758.33268407112,0.011719286293690317,0.011429171188600679,0.01832605535109419
1.7652003654743628e-13,3564.0,6436.0,10000.0,0.0,0.0,4.222486468503353,3.648203849792634e-10,-1.2330319421347283e-10,6.161332686877546e-08,1.3010905833352831e-15,1.2732395969985626e-15,1.0440144277937004e-15,-1631.749901867038,-2168.6658252442367,79887.05203951185,0.00688816976385322,0.007228515014671666,0.005248976087856181
1.7704273580630348e-13,3297.0,6703.0,10000.0,0.0,0.0,4.197857826135744,3.671012616841421e-10,-1.2534977204601583e-10,6.164344369109513e-08,1.3067341012374298e-15,1.2788348456584494e-15,1.0438865497877833e-15,4363.650160556484,-3915.402208486455,60947.23258637357,0.005529413265953156,0.00548265913135233,0.0037603371607215067
1.7958331225094997e-13,1138.0,8862.0,10000.0,0.0,0.0,4.198342320528771,3.705087740039072e-10,-1.447697504987055e-10,6.182199306969207e-08,1.334662502857192e-15,1.3068503143102767e-15,1.04642591804512e-15,1341.235894296969,-7643.926044269031,86461.38648385498,0.006119032805010321,0.006139984034640518,0.006464060004132446
1.8161901207909893e-13,1363.0,8637.0,10000.0,0.0,0.0,4.199462761033952,3.5942141885049404e-10,-1.6629415472744032e-10,6.200239287958125e-08,1.3582333022629143e-15,1.3319876603188325e-15,1.0521670628057264e-15,-5446.458755903439,-10573.466643314821,101584.55280732783,0.006283579263329276,0.006679092539797997,0.008202159591958063
1.8560374241285063e-13,784.0,9216.0,10000.0,0.0,0.0,4.225690922303287,3.404440760388293e-10,-1.8875790252938563e-10,6.246798312183752e-08,1.4132095938709482e-15,1.3890255075917298e-15,1.0715559379245937e-15,-4762.516211177913,-5637.457474015635,142224.5034289717,0.00786738860837698,0.008143893629925155,0.012282091358288807
1.8951423385906307e-13,807.0,9193.0,10000.0,0.0,0.0,4.262585406156922,3.0164846172410253e-10,-2.1093195403045037e-10,6.306431917237825e-08,1.4789534647058532e-15,1.4550583985521254e-15,1.1004184362100867e-15,-9920.905044378178,-5670.400205718767,177404.48128467385,0.00935960118188082,0.009412673437771213,0.0158232959885838
1.9128273905562187e-13,1591.0,8409.0,10000.0,0.0,0.0,4.265149784978338,2.862079475306286e-10,-2.160849187446508e-10,6.330923157000969e-08,1.5078904241376396e-15,1.4843777634113078e-15,1.1110431952259854e-15,-8730.827720222962,-2913.7402164424084,149750.10616283666,0.008605393543886442,0.008728311657944516,0.012926132346491852
1.9320259902877176e-13,1381.0,8619.0,10000.0,0.0,0.0,4.270215059619481,2.642526544933252e-10,-2.155412410842681e-10,6.356367854606172e-08,1.5380365198178438e-15,1.5149211041827913e-15,1.1218848613186695e-15,-11435.882483284324,283.1861010628279,144762.7587927706,0.008312441803144856,0.008427939014276336,0.012509115875513972
1.936852618673519e-13,3341.0,6660.0,10001.0,1.0,0.0,4.246222428849227,2.535703634469527e-10,-2.2163920026903501e-10,6.361421083486356e-08,1.543620703138523e-15,1.5209277055967871e-15,1.1237178676375906e-15,-12952.080259988572,-1546.7038223476452,83369.50495874957,0.005856111659915063,0.006202020720053504,0.006002786695977627
1.961651844339704e-13,1150.0,8851.0,10001.0,1.0,0.0,4.252774271945443,2.1281624014696727e-10,-2.1131516666532997e-10,6.382976049815684e-08,1.5735223126394483e-15,1.5522136834234192e-15,1.1294190233810353e-15,-16433.627343274668,4163.0467590696835,102713.86846130525,0.006642393304036166,0.0069110681084927775,0.0083259282638106
1.9874093347330268e-13,1104.0,8897.0,10001.0,1.0,0.0,4.261704028375786,1.8270164371729398e-10,-1.9983998338091083e-10,6.409062279237975e-08,1.6076042660482567e-15,1.5880809987531146e-15,1.1383393299257565e-15,-11691.587949686347,4455.085922265971,117682.62358683541,0.007251580935416086,0.007596549735465298,0.009913855875044744
2.0588639677388458e-13,841.0,9160.0,10001.0,1.0,0.0,4.332557358895016,1.4374583931291956e-10,-1.5998817663192196e-10,6.517653794461272e-08,1.7303540233539248e-15,1.713244798118731e-15,1.191122975377345e-15,-5451.823452959551,5577.21802947939,197485.99178809958,0.010366430133060808,0.010534459371252192,0.018315436166511313
2.0745185317660493e-13,1810.0,8191.0,10001.0,1.0,0.0,4.330380995016323,1.3607261468691893e-10,-1.4509961157417882e-10,6.540849399981345e-08,1.7585329728932697e-15,1.7406553095220217e-15,1.2014468380439677e-15,-4901.589474268861,9510.686488535273,158142.75865063214,0.00938956630002293,0.00914690296038971,0.01403043685957071
2.0891777840552627e-13,1920.0,8081.0,10001.0,1.0,0.0,4.326229991468615,1.27806316765074e-10,-1.4284239457500265e-10,6.559196300077717e-08,1.782167828572554e-15,1.7627499688417217e-15,1.2092522718825008e-15,-5638.962860286754,1539.7899938164262,134493.0405752783,0.008425208238476565,0.007904491471032346,0.011852951852813206
2.1205865137835784e-13,884.0,9117.0,10001.0,1.0,0.0,4.344769802864004,1.1057290389770935e-10,-1.504901722970365e-10,6.601301847609083e-08,1.833761066230279e-15,1.8126910077042776e-15,1.2281250068318192e-15,-5486.822617925995,-2434.9210516270105,154062.74869798863,0.008993423406757886,0.008741382370912482,0.013965682524117989
2.1477620680943499e-13,1149.0,8852.0,10001.0,1.0,0.0,4.363928792231174,9.585995949502341e-11,-1.4251948790485937e-10,6.641167201712263e-08,1.8819929131901246e-15,1.857475015370237e-15,1.2468504803392787e-15,-5414.036539764051,2933.0347050245737,164005.22289222365,0.009559203382003816,0.008921513767834182,0.0150185930774501
2.165660510954045e-13,1573.0,8428.0,10001.0,1.0,0.0,4.367279422716971,8.31903532074947e-11,-1.2639089532991364e-10,6.665352928500691e-08,1.9130649495658073e-15,1.8850781934263797e-15,1.2570079895507698e-15,-7078.608115155558,9011.170804844181,146528.03308833015,0.009135725320693209,0.008155499469387054,0.013057842201306602
2.1715981768824202e-13,3294.0,6707.0,10001.0,1.0,0.0,4.333614277279673,8.1450252403618e-11,-1.277525857713456e-10,6.66995961872924e-08,1.920620259592308e-15,1.8918949376088387e-15,1.257830639604533e-15,-2930.6141922890547,-2293.3092866086536,81366.21408745047,0.006510411951765807,0.005890921357961958,0.006271599551885316
2.180906038779314e-13,2595.0,7406.0,10001.0,1.0,0.0,4.307183720381462,8.682406948459772e-11,-1.2782139992244394e-10,6.67583789741891e-08,1.930297077911119e-15,1.9011714023492375e-15,1.258865123431885e-15,5773.417290143663,-73.93121198026518,69082.5901651917,0.005428912091736471,0.005217634527948379,0.005405726538021734
2.2013418321232584e-13,1411.0,8590.0,10001.0,1.0,0.0,4.305043345535819,9.721498160571102e-11,-1.3454474886352345e-10,6.690469975661885e-08,1.9523428041359176e-15,1.922609008989459e-15,1.262147023026595e-15,5084.662947128717,-3289.9867540850287,84616.90749924329,0.005899807391669206,0.005759005091517501,0.006985387350216589
2.2201498953687925e-13,1508.0,8494.0,10002.0,2.0,0.0,4.303173156372773,1.036735770817713e-10,-1.4135454449327525e-10,6.707732708741779e-08,1.9732943808896877e-15,1.94231129936778e-15,1.2692071742985314e-15,3245.2801374432556,-5753.154112068509,96893.9178497113,0.006089608751188954,0.005713332767263927,0.00844626803859479
2.290884585111973e-13,786.0,9216.0,10002.0,2.0,0.0,4.362269290995355,1.527617186962815e-10,-1.5008208334918903e-10,6.801505525330613e-08,2.0769602678743564e-15,2.0463310971064823e-15,1.31808807125216e-15,6939.754990477302,-1233.8413991213226,177624.52028284286,0.009079775133170941,0.009101236539492007,0.017352533564039575
2.3029328938235475e-13,2259.0,7743.0,10002.0,2.0,0.0,4.344935805026912,1.6052785658022415e-10,-1.4773654711346501e-10,6.815253690990436e-08,2.093457058566043e-15,2.0630452743781894e-15,1.3244283007815438e-15,6445.832415035988,1946.776341704067,121782.89621062923,0.007146023613445337,0.007235906060861598,0.011243984946260341
2.3149457659624424e-13,2267.0,7735.0,10002.0,2.0,0.0,4.328283177263237,1.6070733202394395e-10,-1.4653815108646376e-10,6.825488490644061e-08,2.1071390224244933e-15,2.076753399073231e-15,1.3280954673988588e-15,149.4026088386186,997.5932592516525,92850.25426176915,0.005990164693274606,0.006005876906110929,0.008177298066161236
2.3338638406096466e-13,1455.0,8547.0,10002.0,2.0,0.0,4.327483453957375,1.5652313780323176e-10,-1.4381297839924802e-10,6.841694047243267e-08,2.12931328748147e-15,2.098558165894894e-15,1.3336043505997337e-15,-2211.7442174964813,1440.5127044037822,97711.70945171287,0.006325610462451659,0.0062387696355531205,0.008630602444225473
2.3497090679383033e-13,1729.0,8273.0,10002.0,2.0,0.0,4.320044767801186,1.523157482983822e-10,-1.439690013431787e-10,6.854460366757965e-08,2.1467305292101723e-15,2.1170860886979217e-15,1.3377250663854662e-15,-2655.3039710829785,-98.4668384331212,90661.54518998541,0.00588542221625314,0.006246356337394145,0.007922508268367484
2.371103126897584e-13,1337.0,8665.0,10002.0,2.0,0.0,4.316852746212291,1.518191868787257e-10,-1.4456260121003552e-10,6.87213824251266e-08,2.1715738003318123e-15,2.1420655979847863e-15,1.34464255969673e-15,-232.10248256380018,-277.46014348500074,96256.86863568943,0.0063311083477875915,0.006379667191275254,0.008779336054634386
2.3880218013578327e-13,1637.0,8365.0,10002.0,2.0,0.0,4.309520888101794,1.7522556310272904e-10,-1.2472318015590502e-10,6.886381675298284e-08,2.191739765877736e-15,2.162355979469088e-15,1.3507851587279889e-15,13834.63951564142,11726.344815454699,94964.05883646861,0.006378883450503542,0.00641988387659109,0.00878770781303967
2.4147970074214275e-13,1090.0,8912.0,10002.0,2.0,0.0,4.314270437234709,1.9278877570870995e-10,-1.1092215374751257e-10,6.910844963379247e-08,2.2269003373280696e-15,2.1957452607233644e-15,1.3616290614880879e-15,6559.5060461033145,5154.405301536601,108420.02870087554,0.007224618798178132,0.006912429608872816,0.01019824777703747
2.422151744979082e-13,2890.0,7113.0,10003.0,3.0,0.0,4.2865440861685,1.9874398113379625e-10,-1.0988874322927523e-10,6.916947219094177e-08,2.235121597896664e-15,2.202576147035876e-15,1.3643301110977715e-15,4073.5368025381267,-1224.3940697764865,71299.62884752336,0.005864868680839292,0.004951145600002023,0.006062778956991183
2.4255553267033204e-13,3331.0,6673.0,10004.0,4.0,0.0,4.251508668677774,1.9730674546925655e-10,-1.1342812016068263e-10,6.919282156666578e-08,2.2376732313475943e-15,2.2052386545059764e-15,1.36522328430948e-15,-5644.846837487216,6820.566024275278,37406.89817220614,0.004157412964784916,0.0038125139770226603,0.0022915684996759433
2.4565565393327476e-13,868.0,9136.0,10004.0,4.0,0.0,4.25883487518068,1.7466576108266844e-10,-8.823640710310962e-11,6.936741345541128e-08,2.2667768565224656e-15,2.2329382829262403e-15,1.3685283558033744e-15,-7303.257668410235,8126.041183840762,76064.10978317395,0.005467754740089536,0.005222364404231629,0.006591770665904898
2.460985101851801e-13,3120.0,6884.0,10004.0,4.0,0.0,4.22588953033076,1.724980399543196e-10,-8.985610562234626e-11,6.938914136764624e-08,2.2700650160639635e-15,2.236697094517494e-15,1.36900800457968e-15,-4894.864008405349,-3657.391111152152,51883.91726870437,0.003821271089015017,0.004353022181420204,0.004251737323453836
2.471615941239819e-13,2490.0,7514.0,10004.0,4.0,0.0,4.2035896076503905,1.6525181145448903e-10,-9.721932265890728e-11,6.943676608655357e-08,2.2772419160773733e-15,2.2450304648870777e-15,1.3698230497485313e-15,-6816.233634380831,-6926.280012150438,51570.00044094569,0.0036316517999224157,0.004180819553219059,0.004230723360490935
2.4937071744056793e-13,1258.0,8746.0,10004.0,4.0,0.0,4.201826190918902,1.453011477197589e-10,-1.1815899684977978e-10,6.957382513770858e-08,2.294308594578128e-15,2.2638542597211904e-15,1.3751209786994638e-15,-9031.03216780207,-9478.725806594017,76113.38266357504,0.004396361160917251,0.004802552479885998,0.007044744789471469
2.494328947032508e-13,3492.0,6512.0,10004.0,4.0,0.0,4.166994598287452,1.4540357688777734e-10,-1.1902149836533894e-10,6.95764147318277e-08,2.2946899807289716e-15,2.2642545935115114e-15,1.375137456580695e-15,1647.3733901871724,-13871.65465867916,42044.61128054299,0.0030821856966018455,0.0032362354576231877,0.003073018954263838
2.5067404553732944e-13,2090.0,7914.0,10004.0,4.0,0.0,4.153622536289854,1.583678854967579e-10,-1.2938364746104792e-10,6.9619670402912e-08,2.30343718544546e-15,2.271646091029903e-15,1.3758561966189005e-15,10445.393301939113,-8348.823375203538,42756.821329132385,0.003828866697093391,0.0032803919860984777,0.00356671867520845
2.5259360434686244e-13,1371.0,8633.0,10004.0,4.0,0.0,4.148681189396429,1.7347113163411008e-10,-1.4190055547845185e-10,6.972151545094835e-08,2.3185538838704824e-15,2.2843653653198895e-15,1.3798082218465691e-15,7868.082010483655,-6520.721300770737,65283.195552029545,0.004412138968152775,0.0037796767394177727,0.006038614699004818
2.533289351551759e-13,2821.0,7183.0,10004.0,4.0,0.0,4.127011743107371,1.8093716559200007e-10,-1.443093995512213e-10,6.975658155314572e-08,2.323703689941626e-15,2.287980356133788e-15,1.3810081300372935e-15,10153.29954012689,-3275.864475601707,52371.238949227765,0.003684297052130337,0.0026360500209638327,0.00464356489344358
2.5477592132108885e-13,1683.0,8321.0,10004.0,4.0,0.0,4.116350747620537,1.9133399785694234e-10,-1.4169090005030052e-10,6.983347189512859e-08,2.334080327777557e-15,2.2956900254679503e-15,1.3839658458188868e-15,7185.163555715486,1809.6230375973532,62354.90760717941,0.003940446669889721,0.003008960224536821,0.005722598667890273
2.5690758053347744e-13,1199.0,8805.0,10004.0,4.0,0.0,4.117112272896868,2.0742379021495844e-10,-1.3250603974672498e-10,6.997701475703962e-08,2.349924705042284e-15,2.3083210646362446e-15,1.3914384788139593e-15,7548.013427524865,4308.784560963472,80916.25024448265,0.004240131539620102,0.0034656159486714582,0.00792599662242308
2.5702838109680053e-13,3377.0,6627.0,10004.0,4.0,0.0,4.088539083064178,2.0880199390342606e-10,-1.3112628454627937e-10,6.998141761776804e-08,2.3507134720122714e-15,2.309064074586839e-15,1.3915749647596484e-15,11408.917728152848,11421.761310460497,37216.79673091462,0.003296538274932009,0.0031023261547939033,0.0031983019451203667
2.589941610977435e-13,1270.0,8734.0,10004.0,4.0,0.0,4.0817450476593296,2.2784289228417635e-10,-1.1806326777179483e-10,7.006357132557644e-08,2.3635829556860856e-15,2.3224985268426024e-15,1.3946602448900999e-15,9686.179720831673,6645.207891126353,54313.02931076972,0.003753635126003816,0.0038812666299841933,0.005055299378735206
2.6043156157255587e-13,1689.0,8315.0,10004.0,4.0,0.0,4.071211365999965,2.364206225803617e-10,-1.052995711960331e-10,7.013074507162783e-08,2.3744815250095172e-15,2.333801879706942e-15,1.3985846153516694e-15,5967.529889194412,8879.708055910893,55888.378884048245,0.004140849454802674,0.004266353278902431,0.005627729589280519
2.623758958854453e-13,1271.0,8733.0,10004.0,4.0,0.0,4.065178731378255,2.4817998594057384e-10,-9.383752689368581e-11,7.023601635398212e-08,2.3898661666091357e-15,2.348928128493122e-15,1.405430388968728e-15,6048.015139298199,5895.099534253435,66527.09982803954,0.004429599499059243,0.00434133915711274,0.00689496206468143
2.655617302758836e-13,787.0,9217.0,10004.0,4.0,0.0,4.075585127360886,2.6530232034313173e-10,-8.398059201715266e-11,7.048502310047661e-08,2.421467484416205e-15,2.378885056981865e-15,1.421914748569401e-15,5374.521178485484,3093.9884716283595,98452.90789040228,0.005729232229829628,0.005447261427488328,0.01028068060629953
2.6777696333073e-13,1154.0,8850.0,10004.0,4.0,0.0,4.083023409343414,2.87556151548578e-10,-8.174146699484513e-11,7.069937690388822e-08,2.4463924653857236e-15,2.403364052956136e-15,1.4358181420895222e-15,10045.819403407797,1010.7853064980658,110873.56218399905,0.006165847842484425,0.00604338490649081,0.011498461744954457
2.6974805629107103e-13,1277.0,8727.0,10004.0,4.0,0.0,4.082956004227002,3.026622861193795e-10,-8.726453060390744e-11,7.089449825243941e-08,2.4681920004230547e-15,2.4252420646446694e-15,1.448128386047916e-15,7663.836701130406,-2802.031015374773,111546.40604597155,0.006003025395099605,0.0060126260973841165,0.011500308682785584
2.704790281052642e-13,2862.0,7142.0,10004.0,4.0,0.0,4.055634380363622,3.1428383239661663e-10,-8.49013273427608e-11,7.093716238742508e-08,2.4749325163416293e-15,2.431814524720603e-15,1.450229903425573e-15,15898.76114452398,3232.9608546600384,63022.27497345477,0.004789818620309179,0.004669788920125855,0.006079435640731123
2.7237708628312743e-13,1341.0,8663.0,10004.0,4.0,0.0,4.0525492205875775,3.2976857854500385e-10,-6.558023297929226e-11,7.106843074679927e-08,2.4920795430220135e-15,2.4481055983846833e-15,1.456974153703961e-15,8158.204173604091,10179.400499314388,81249.05067425901,0.0049689011544891155,0.004743651239789628,0.00799528718106153
2.7508665090806294e-13,999.0,9005.0,10004.0,4.0,0.0,4.056966481692521,3.4843994658518323e-10,-2.6658385657720812e-11,7.129546979268005e-08,2.520004927795065e-15,2.4747093649200884e-15,1.469644575117104e-15,6890.910764168932,14364.6130316961,101050.38951375612,0.005792424382799629,0.0055577493463492885,0.010175941676196048
2.778788615691436e-13,969.0,9035.0,10004.0,4.0,0.0,4.069530849397012,3.680678580361304e-10,1.4633266433349836e-11,7.157459064684748e-08,2.552057170433609e-15,2.505341538871067e-15,1.487487743875655e-15,7029.523855248951,14788.157880283126,117749.209716733,0.006406144680724952,0.006148317794935509,0.012275047749109078
2.838595900421737e-13,756.0,9248.0,10004.0,4.0,0.0,4.125435558185396,3.8212313245672973e-10,9.665495831111033e-11,7.244173519768441e-08,2.642055143250737e-15,2.5893278950681736e-15,1.5461229530665313e-15,2350.094053589156,13714.331330645504,183084.28118818984,0.008946435376438813,0.00843322719049023,0.019571669559179675
2.8511595783431117e-13,1972.0,8032.0,10004.0,4.0,0.0,4.115170202765065,3.8579086212995913e-10,1.0886338567210646e-10,7.259648931724023e-08,2.659780774496386e-15,2.606467798640711e-15,1.5556664688265983e-15,2919.312080572777,9717.23999723466,131178.29511095906,0.0073536330966230785,0.0071209217312192844,0.013622764888430151
2.8643517168576025e-13,1901.0,8103.0,10004.0,4.0,0.0,4.110993536301102,3.9339186817801474e-10,1.16722508056694e-10,7.2735277006315e-08,2.6767072455597636e-15,2.624335996378153e-15,1.5627717059547957e-15,5761.769435415208,5957.428642789793,113607.6315967214,0.006728142600354728,0.007088761784167997,0.011275273257974236
2.877150485714032e-13,1950.0,8054.0,10004.0,4.0,0.0,4.103932037610361,3.969778290347254e-10,1.193561689337153e-10,7.285417227305963e-08,2.6909817565565636e-15,2.640311934602286e-15,1.5685727268743038e-15,2801.8014052257977,2057.745480494533,101048.09011030983,0.005883236101602101,0.006545166390869357,0.009935973620117784
2.8939423717286876e-13,1555.0,8450.0,10005.0,5.0,0.0,4.0979926381988205,3.9636866083697435e-10,1.0635438013435102e-10,7.301617664187377e-08,2.7077988831102006e-15,2.6606121002054684e-15,1.5783040691766238e-15,-1348.834684297526,-4315.797214894951,98496.24348145224,0.005481493403298871,0.006418626217075082,0.009908743765951513
2.909397374472792e-13,1613.0,8393.0,10006.0,6.0,0.0,4.0872673693738735,3.962075260405304e-10,9.416494376135559e-11,7.314623249523438e-08,2.7235466082019794e-15,2.678800893422573e-15,1.5854653962499218e-15,-1859.569012428609,-3596.3905562016716,86142.89087263039,0.005529640198414326,0.00619297965653656,0.008560296219717054
2.933193580248278e-13,1127.0,8879.0,10006.0,6.0,0.0,4.092163492114775,4.006960956317239e-10,8.873621557503169e-11,7.334643700937661e-08,2.749486861126912e-15,2.7075989009188907e-15,1.5958070447499857e-15,1886.2543186684868,-2281.3419238105425,99290.04652898553,0.006026660061959879,0.006609233714780799,0.010022623448643412
2.967264411593857e-13,769.0,9237.0,10006.0,6.0,0.0,4.112710788526309,4.142687066702687e-10,9.304732460965429e-11,7.372752882668504e-08,2.793951233473709e-15,2.754014176921297e-15,1.6171608769746724e-15,3983.6453947597684,1265.33720028589,133554.3632774644,0.007348309593314005,0.007607099521699148,0.013797707182330582
2.9853895240667316e-13,1419.0,8587.0,10006.0,6.0,0.0,4.111424223922518,4.291578272273965e-10,9.98511345722925e-11,7.391581741172295e-08,2.819477146385325e-15,2.778870037965596e-15,1.6268269214280633e-15,8214.63622882903,3753.8028924348,115427.5768450511,0.007483380701196156,0.007280623018327424,0.011635157495390992
3.001728901870567e-13,1567.0,8440.0,10007.0,7.0,0.0,4.107710015934523,4.392712768130492e-10,1.0991342724835583e-10,7.408512096467471e-08,2.8412540569823095e-15,2.80073850732894e-15,1.6358753099049891e-15,5739.20890018801,4631.421071380296,106153.5946747302,0.007146075766672723,0.007139705386768859,0.010571476372659752
3.0169642063101186e-13,1692.0,8316.0,10008.0,8.0,0.0,4.105486815652527,4.6375408718726166e-10,1.2297226834222926e-10,7.423701995043442e-08,2.861507753809434e-15,2.818675638416081e-15,1.6445535077046215e-15,16142.055714880498,9750.998013644816,102269.88776060243,0.0071164902628567395,0.006330774945596495,0.010467022898735918
3.0486810995592693e-13,818.0,9190.0,10008.0,8.0,0.0,4.123321836628996,5.164727500130823e-10,1.4570809543967304e-10,7.458690492944908e-08,2.906992423929152e-15,2.8627141638957107e-15,1.6657453909163043e-15,16621.635168265657,7168.365110303741,130517.22677246167,0.007942458674594343,0.007695684720640428,0.013832639064675
3.0615129319533405e-13,1916.0,8093.0,10009.0,9.0,0.0,4.113542708525545,5.408250883363197e-10,1.422207713707688e-10,7.471458533491468e-08,2.923366730234049e-15,2.8796945791062238e-15,1.6730090648349448e-15,15739.357970198178,714.4470360461034,99700.61932265692,0.006742612238814083,0.006957827117491534,0.010244347791347946
3.0871070851554315e-13,1062.0,8947.0,10009.0,9.0,0.0,4.121224103497035,5.801097725846107e-10,1.2334484483661602e-10,7.49526926699302e-08,2.957417731722645e-15,2.9142814726545243e-15,1.6871534494285381e-15,15349.085370435869,-7375.093203947357,109334.22548421052,0.007276402080346801,0.007369469842150622,0.011568646008385091
3.1174480433355625e-13,907.0,9102.0,10009.0,9.0,0.0,4.139003354218722,6.030330499517979e-10,9.561139057429464e-11,7.531369089719885e-08,3.0020402334922053e-15,2.9596307840253424e-15,1.7090911214184322e-15,7555.2252605518015,-9140.599350116367,138306.2935332557,0.008088176362375667,0.008205516683439863,0.014747846315866266
3.127532120915184e-13,2231.0,7778.0,10009.0,9.0,0.0,4.121703201113039,6.059308281392795e-10,9.107614941256776e-11,7.540089715944508e-08,3.015304331067217e-15,2.9727167319159176e-15,1.7138308365088007e-15,2873.61750700694,-4497.427876687436,92902.26063545835,0.006818460076698492,0.006733481742201494,0.009596238395398155
3.1302766037560767e-13,3217.0,6792.0,10009.0,9.0,0.0,4.095188347482262,6.086532849580445e-10,9.340205529323007e-11,7.541398894608894e-08,3.0178885637995545e-15,2.975570254315294e-15,1.7142912504936584e-15,9919.744362035652,8474.842130569723,49450.308455166,0.004779943157196315,0.0052653078941686865,0.004633643043195505
3.1505507387868404e-13,1228.0,8781.0,10009.0,9.0,0.0,4.092336671036466,6.248228121064932e-10,1.1346616314912447e-10,7.552724110790751e-08,3.038162671386108e-15,2.9966026817023387e-15,1.7195922319474897e-15,7975.446115907435,9896.406345054562,68774.10895361502,0.005489394229188069,0.005674917559931519,0.006984751885849904
3.1784660351487577e-13,946.0,9063.0,10009.0,9.0,0.0,4.101458753977436,6.422167706838311e-10,1.3564882923105973e-10,7.576332601200913e-08,3.0689407223407988e-15,3.029211563990918e-15,1.7335982859020612e-15,6230.97758011525,7946.419695618003,102352.63982084324,0.0061781176816270425,0.00651144224978454,0.010931176045218387
3.2006527388850146e-13,1164.0,8845.0,10009.0,9.0,0.0,4.109354261436078,6.638874631432541e-10,1.372902134705862e-10,7.598677764352974e-08,3.096010460492791e-15,3.0571340360221556e-15,1.7461436858494562e-15,9767.423190498006,739.8053622738149,114846.1202293439,0.006633219993840442,0.006830211425271986,0.012079061825567628
3.207535634028255e-13,2569.0,7440.0,10009.0,9.0,0.0,4.0857782584874505,6.66442117283217e-10,1.3511476759071731e-10,7.603849695416862e-08,3.103107820930224e-15,3.0645249067195273e-15,1.7480696674615691e-15,3711.598225453473,-3160.6552687430285,79525.88462651751,0.005321363815045383,0.005534293435837097,0.007609764422960918
3.224414847349742e-13,1442.0,8568.0,10010.0,10.0,0.0,4.080140344185815,6.635830204975187e-10,1.3626415927435004e-10,7.618439531029198e-08,3.1181498054378036e-15,3.082355812198086e-15,1.7552131604866175e-15,-4651.461936310258,59.76191178312661,87511.48992393863,0.004864924600734445,0.005774129501929867,0.008449579084452026
3.2626735759360897e-13,754.0,9256.0,10010.0,10.0,0.0,4.099523976563584,6.546193478885521e-10,1.404263300374215e-10,7.65638534575586e-08,3.1591682825192556e-15,3.130649526753734e-15,1.7726063231836236e-15,-2342.909171363606,1087.9009619145488,123551.16419866832,0.006254915840549731,0.007223472506823838,0.012654379056457193
3.2911581279714234e-13,939.0,9071.0,10010.0,10.0,0.0,4.117633305323552,6.514631394380121e-10,1.654472103810531e-10,7.69244568615938e-08,3.197058366187378e-15,3.1734723478568576e-15,1.790908719615056e-15,-1108.042157947508,8784.017495726974,144739.4810167992,0.007317461581565215,0.00820196145581455,0.015028793502071775
3.3137961711061237e-13,1191.0,8819.0,10010.0,10.0,0.0,4.127844790438438,6.559891359686595e-10,1.836111371169193e-10,7.72205161340011e-08,3.2283858636661778e-15,3.207369991861129e-15,1.806113177112282e-15,1999.287881782434,8023.629351612792,145198.92744102105,0.00745470031402239,0.008032271001038501,0.015112017341828645
3.345722641429381e-13,747.0,9263.0,10010.0,10.0,0.0,4.153918519055278,6.614713657962201e-10,2.209224566465477e-10,7.769583053926264e-08,3.278858423480464e-15,3.2587517443196406e-15,1.831698477058598e-15,1717.1424752102444,11686.640944598266,169213.53882491624,0.008663170672939377,0.008815801464779503,0.01791684733265126
3.3513648869916775e-13,2701.0,7309.0,10010.0,10.0,0.0,4.130750097249072,6.635248485055816e-10,2.262197252745751e-10,7.77508665403012e-08,3.2863474453230574e-15,3.26616142917402e-15,1.833653799128755e-15,3639.4777339783404,9388.582204621138,101136.57684580052,0.006771536513867253,0.006706124462337724,0.009732911352802081
3.3834647703948923e-13,783.0,9227.0,10010.0,10.0,0.0,4.148521213519616,6.704691628024004e-10,2.37936815134252e-10,7.810349528125559e-08,3.3312331523910643e-15,3.310678322894971e-15,1.848521652578807e-15,2163.3456450882454,3650.197015514154,130299.74083195135,0.007748064128382536,0.007714372997524727,0.013273199958063248
3.388764703148352e-13,2763.0,7248.0,10011.0,11.0,0.0,4.127604227483202,6.679862431558576e-10,2.3753117309119173e-10,7.816133425379548e-08,3.336816046766675e-15,3.316061826805946e-15,1.8524174522652657e-15,1352.6977909197524,-249.1782843504317,80379.86681954547,0.005610838985502163,0.00552015913710526,0.007521363873213754
3.403710930822025e-13,1539.0,8472.0,10011.0,11.0,0.0,4.117019835886313,6.770029058093597e-10,2.3918977174794476e-10,7.82612939885177e-08,3.352620575204436e-15,3.3321813604200525e-15,1.855675393284771e-15,6032.73471431479,1109.7105523655166,76399.63509728685,0.0056472025672276984,0.005755707524058722,0.007427980552302793
3.4240045905199516e-13,1237.0,8774.0,10011.0,11.0,0.0,4.117425374106955,6.840120888617758e-10,2.4604097771061975e-10,7.84144777213393e-08,3.3729416830762274e-15,3.3539885429699763e-15,1.8602854490133868e-15,3453.8782835370944,3376.0327435543536,88409.67189794629,0.005486049914195105,0.005871831096616828,0.008555088529870053
3.4328459144390517e-13,2375.0,7638.0,10013.0,13.0,0.0,4.098483974781312,6.982008571451323e-10,2.3721066943830335e-10,7.849510986808047e-08,3.3814499585977265e-15,3.362780769243409e-15,1.864854527524045e-15,4068.9384482951236,6813.366945795471,70658.06822305122,0.004967067500485212,0.004901332428080394,0.007036707690505282
3.4504825825540163e-13,1368.0,8645.0,10013.0,13.0,0.0,4.095203301494201,7.136303778483129e-10,2.359787613696394e-10,7.861689630072117e-08,3.3968295993385126e-15,3.3812582620594744e-15,1.8694195083383497e-15,8748.546268832322,-698.4925160658169,80286.71828296782,0.004774338260504939,0.0056693625913438695,0.008031518184168583
3.4753678380765696e-13,1093.0,8920.0,10013.0,13.0,0.0,4.101982073135636,7.236048959435283e-10,2.4754345820588197e-10,7.883198837906865e-08,3.4206657526505013e-15,3.4118425057299162e-15,1.8785291535478064e-15,4008.2040090669366,4647.20839444946,102284.30707170448,0.005367606286382078,0.006755142993850817,0.010491491066461653
3.5041622416168575e-13,945.0,9068.0,10013.0,13.0,0.0,4.119058054042481,7.41250928988296e-10,2.7708721303352463e-10,7.91589733513174e-08,3.453740117357482e-15,3.4527245403667625e-15,1.894871770649494e-15,6128.2856649829755,10260.24198983877,131899.2281805051,0.0064165071215103444,0.007803519837602145,0.013969135499641268
3.519512217962828e-13,1527.0,8487.0,10014.0,14.0,0.0,4.114855200989608,7.508146618166835e-10,2.826542311678813e-10,7.934332689323631e-08,3.4706241021598176e-15,3.4733434445476186e-15,1.904444887583232e-15,3181.469978517844,4276.591332790699,119405.37960954566,0.005903662848290885,0.007194264652680767,0.012182711252633985
3.5497736290038966e-13,817.0,9197.0,10014.0,14.0,0.0,4.134000572530475,7.733738455945604e-10,3.0356328797224615e-10,7.970857766658849e-08,3.5076316377833816e-15,3.5179965949519357e-15,1.9195923083077893e-15,7454.769292569078,6909.47846945698,139973.65588822303,0.006832794344089259,0.008107166190510103,0.01439080404372039
3.592466426519495e-13,735.0,9279.0,10014.0,14.0,0.0,4.176192546738902,8.161575577386812e-10,3.452340079734117e-10,8.037371338141804e-08,3.568240985685747e-15,3.588543891279335e-15,1.9529017253053794e-15,10021.295074067115,9760.597202828185,182989.11860062197,0.008119064972536044,0.009288189317160014,0.019637342079661304
3.619015259586051e-13,980.0,9034.0,10014.0,14.0,0.0,4.199432426510267,8.357251667616134e-10,3.744197276833773e-10,8.082524323224118e-08,3.6113635736107376e-15,3.635051600209614e-15,1.9750421139348716e-15,7370.421507370138,10993.221297824646,186985.60297920826,0.00876084118792683,0.00940016058240879,0.01992671357533485
3.6462057432538463e-13,1000.0,9014.0,10014.0,14.0,0.0,4.222731240794071,8.462652364142187e-10,3.971650886045453e-10,8.130077922973719e-08,3.658682790773754e-15,3.683457562358413e-15,2.000001293063309e-15,3876.3818184995603,8365.191733646041,192209.6882946378,0.009355911233162486,0.00956286284028219,0.020876116435822142
3.6602847360608963e-13,1802.0,8212.0,10014.0,14.0,0.0,4.217693694534642,8.504076505325964e-10,4.084362305459807e-10,8.14969474786602e-08,3.6791677895388e-15,3.705792939466459e-15,2.0080904792651853e-15,2942.26595264941,8005.6450741217295,148301.67930486184,0.007617009211873118,0.008276775550527924,0.015306963703630772
3.674008539631996e-13,1835.0,8179.0,10014.0,14.0,0.0,4.214169919200237,8.544047481588046e-10,4.1525412121047423e-10,8.164180723782998e-08,3.6971119681009636e-15,3.725384099877257e-15,2.013161404177497e-15,2912.5290270297774,4967.93081391141,114295.08498041974,0.006869522613222592,0.007476117023250341,0.011521146838730229
3.677355374775349e-13,3350.0,6664.0,10014.0,14.0,0.0,4.183967006691895,8.554835889966678e-10,4.158095068935006e-10,8.166274343511035e-08,3.700584959286295e-15,3.7287885744969496e-15,2.0137326721424527e-15,3223.4657270338516,1659.4354344861315,64686.98955249248,0.005271413517250252,0.005168854475720068,0.0062193087573652415
3.701126294266335e-13,1123.0,8891.0,10014.0,14.0,0.0,4.185530697664511,8.589562226678313e-10,4.0366989358281623e-10,8.183498649219187e-08,3.727676088863818e-15,3.7537511664120426e-15,2.0202429936210223e-15,1460.8747770485027,-5106.917851994654,87600.55256256933,0.006272305610299874,0.00582757066645968,0.009127293548245574
3.7166146440509186e-13,1666.0,8348.0,10014.0,14.0,0.0,4.175951404473408,8.597153667523352e-10,4.00560101067101e-10,8.195880928712859e-08,3.745584258245113e-15,3.772042992535213e-15,2.025344560249512e-15,490.13877854158363,-2007.8268885754487,89811.13101342227,0.006151822054226587,0.006279327672070401,0.009393717134024773
3.754574427635465e-13,824.0,9191.0,10015.0,15.0,0.0,4.197025198964219,8.522221257824649e-10,3.8804657273398996e-10,8.23727369796782e-08,3.7972442502044224e-15,3.822756676500422e-15,2.0478134747041683e-15,-509.7531265797349,-2372.958333785253,130604.73754627166,0.007727692034645006,0.007629863381180002,0.014551467102876867
3.8334902817869386e-13,806.0,9209.0,10015.0,15.0,0.0,4.28253660171245,8.561115004612773e-10,4.202436678183926e-10,8.367079331206835e-08,3.938604412124917e-15,3.9612527010166174e-15,2.131621230764936e-15,492.8508625588225,4079.927339138011,214751.903205882,0.010841906621599135,0.010713673310518658,0.025218334476433523
3.847980462880134e-13,1694.0,8321.0,10015.0,15.0,0.0,4.2816987754413915,8.52113877212034e-10,4.1443643591337005e-10,8.389937533837735e-08,3.9638416673630074e-15,3.986285555579993e-15,2.1442629295938405e-15,-2758.8497504150796,-4007.701399777338,166979.1792964388,0.009056462232235824,0.008995915126377567,0.01873248656142847
3.8785507829795624e-13,918.0,9097.0,10015.0,15.0,0.0,4.309258809004017,8.55807694349191e-10,4.109417669081115e-10,8.439777610340458e-08,4.019180137514442e-15,4.040140596377054e-15,2.1739656143391066e-15,1208.301753185181,-1143.157478852784,182506.08889571673,0.00979820863973733,0.009567150985745662,0.021021876109485225
3.9097392078667305e-13,857.0,9158.0,10015.0,15.0,0.0,4.339273617095162,8.821045901215264e-10,4.017949795150317e-10,8.492997242474373e-08,4.080230482363988e-15,4.099068219664876e-15,2.205773784607338e-15,8431.620342313267,-2932.7506682913368,190504.64489811295,0.010561117110763225,0.010223028665627305,0.022058979239616004
3.9354909031412676e-13,1087.0,8928.0,10015.0,15.0,0.0,4.359966708562644,9.058489281050598e-10,3.9505532609544117e-10,8.538554037416052e-08,4.1317600216944944e-15,4.148486957529077e-15,2.232405263648669e-15,9220.495089894725,-2617.1688301449367,193310.59230850197,0.010646693280943552,0.010233684916076503,0.022330515131028888
3.972389297052679e-13,787.0,9228.0,10015.0,15.0,0.0,4.400492979678839,9.37840460156595e-10,3.836375422810454e-10,8.608613744510165e-08,4.211442764060258e-15,4.224541170739733e-15,2.273722470822057e-15,8670.169256782046,-3094.3850406628317,213374.5514181967,0.011718613765116431,0.011219639862022977,0.024911212398588765
4.0146057523603886e-13,825.0,9191.0,10016.0,16.0,0.0,4.456580000853426,9.594668994970256e-10,3.7712293226557745e-10,8.697771329589042e-08,4.310925626270889e-15,4.319317101066559e-15,2.3303651905325313e-15,6664.634491478667,17.116406224419574,234449.4860669253,0.012828718977109781,0.012268848180753132,0.02795579018874494
4.028518663542024e-13,1783.0,8234.0,10017.0,17.0,0.0,4.453111055962114,9.72655875052889e-10,3.797381863455025e-10,8.72416956110129e-08,4.33945363568946e-15,4.348750520236307e-15,2.345057810460836e-15,5347.714628973247,2218.132748335833,190291.36719421213,0.010642958616626251,0.011081336932641975,0.021850230589829416
4.0437159649678336e-13,1687.0,8330.0,10017.0,17.0,0.0,4.4495781984745015,9.835982988552444e-10,3.728221573732123e-10,8.74619291364635e-08,4.366923491216266e-15,4.3771836799585296e-15,2.3560512174390765e-15,7200.241342697872,-4550.827004421091,154596.18841550074,0.009432169398581523,0.009736437827452505,0.017538494684596687
4.067638209411054e-13,1211.0,8808.0,10019.0,19.0,0.0,4.4573323372484035,9.977776968226276e-10,3.605775168597915e-10,8.784278319939637e-08,4.411694427349472e-15,4.4198625677243725e-15,2.376567296842565e-15,5069.29465040414,-4109.215802666901,162853.19771806026,0.009985326423862552,0.00949476660749946,0.018502021495337046
4.0912963981540444e-13,1215.0,8804.0,10019.0,19.0,0.0,4.471282856790817,9.99231484634795e-10,3.617225362280939e-10,8.819590414551585e-08,4.454766319281329e-15,4.462342400277878e-15,2.393717526104876e-15,614.4966666556909,483.984374603346,164328.681311828,0.009708865000152715,0.009579980093164537,0.01873901088256941
4.120321264408485e-13,976.0,9043.0,10019.0,19.0,0.0,4.49480286795491,1.0115458424225938e-09,3.619936674624497e-10,8.866426015591827e-08,4.5086436865351824e-15,4.51747489576217e-15,2.417658110701495e-15,4242.692345193738,93.41343108313542,179851.21688618473,0.010034913797202494,0.010230268247177064,0.02083597760653347
4.149714935730223e-13,981.0,9038.0,10019.0,19.0,0.0,4.521373696734916,1.0288249887681387e-09,3.6489598160836025e-10,8.917187677408983e-08,4.568132870732909e-15,4.576511107878704e-15,2.4445663259788274e-15,5878.526080124641,987.3942299151604,191418.30705623174,0.010877467782253453,0.010794965919737403,0.022425601940572117
4.1526314114083217e-13,3195.0,6827.0,10022.0,22.0,0.0,4.485746852768023,1.0440361485094289e-09,3.6838477796259704e-10,8.9234779388726e-08,4.572310520989201e-15,4.5801573865231606e-15,2.44862598469881e-15,2817.2681773853587,5731.450531747582,101957.00006521505,0.007281799346562134,0.0076616474401934465,0.010682493755218582
4.1569599424546775e-13,3137.0,6887.0,10024.0,24.0,0.0,4.455492282506602,1.0601588649906167e-09,3.85121465587234e-10,8.928901176046214e-08,4.5770251818687904e-15,4.585738690347574e-15,2.4521189549839395e-15,15673.496694872345,5798.977830256144,69325.41789221788,0.005903497418574563,0.006296144753535885,0.0071331209124059
4.1736572896720196e-13,1631.0,8393.0,10024.0,24.0,0.0,4.448205371355422,1.0791351564637985e-09,3.9214725956171e-10,8.940208648843757e-08,4.595423881479562e-15,4.606039870910015e-15,2.456780398177496e-15,11364.854085008908,4207.73065507001,78355.61857061948,0.005955618658098148,0.006505368280464424,0.008843661892385965
4.1931702977305344e-13,1441.0,8583.0,10024.0,24.0,0.0,4.441664647289197,1.0913044790488124e-09,4.029903064177005e-10,8.954116285039174e-08,4.619394328176783e-15,4.629768861971785e-15,2.463136351841265e-15,6236.517992777314,5556.829999493201,83702.55598979483,0.006656717314618831,0.006579910994698768,0.009635828042131804
4.2125452250715464e-13,1411.0,8614.0,10025.0,25.0,0.0,4.438650856434933,1.0955941427464946e-09,3.9867479174457423e-10,8.970807341060449e-08,4.6425992378716914e-15,4.652973134968923e-15,2.473791579604548e-15,1995.646286544061,-2729.019465099692,92487.09969618003,0.0066054853801314805,0.006600613355813966,0.01127128314162795
4.231013297173243e-13,1516.0,8509.0,10025.0,25.0,0.0,4.432955205164529,1.0944923114362905e-09,3.95943104277668e-10,8.987019742734921e-08,4.665824979482575e-15,4.6756977492505335e-15,2.4837539244748343e-15,-596.6141479938008,-1479.1405685791121,99549.42149866234,0.006759067425427805,0.006625880400575103,0.012128765316024312
4.25319213888582e-13,1298.0,8728.0,10026.0,26.0,0.0,4.430452715067811,1.0987227658016494e-09,3.9628478112443323e-10,9.009530548165451e-08,4.692497693743532e-15,4.702681670373426e-15,2.4983906725182628e-15,3644.827809601632,1333.3409364217862,106745.22253381528,0.0066608458357001465,0.006742652152636277,0.012670500923320362
4.27336114692683e-13,1494.0,8532.0,10026.0,26.0,0.0,4.430497038090669,1.1205417668437118e-09,4.072617211414663e-10,9.028295324568718e-08,4.717295034156436e-15,4.7289154028836814e-15,2.5075897371311427e-15,10818.083367162764,5442.47887388085,105884.40807002987,0.006677334681563536,0.0070225822249555675,0.012365542275516466
4.2986170236821246e-13,1170.0,8856.0,10026.0,26.0,0.0,4.434033016451475,1.1421407304566718e-09,4.259571469510476e-10,9.053820836216933e-08,4.748300371952284e-15,4.763632645944334e-15,2.5204504774982117e-15,8552.054566243294,7402.406176875966,117154.44605411169,0.006795724901626021,0.007524365276615552,0.013809344918367562
4.3316539025524787e-13,854.0,9172.0,10026.0,26.0,0.0,4.453505527984615,1.1886598248058157e-09,4.4737829516299414e-10,9.093999118640981e-08,4.796497215093781e-15,4.818767756811095e-15,2.544108024841644e-15,14080.959200685425,6484.0108825077195,142659.43409998855,0.008153894105456493,0.009198309849243712,0.017413972810332225
4.394026028534139e-13,809.0,9218.0,10027.0,27.0,0.0,4.516723426730209,1.2659192583327787e-09,5.040409707251325e-10,9.198691415620307e-08,4.907470738829225e-15,4.941824031611955e-15,2.6128340072769543e-15,12911.342825389473,9302.49323512887,204406.45175070464,0.01053134270040863,0.011528548366242137,0.02563016081944184
4.414439779526795e-13,1399.0,8628.0,10027.0,27.0,0.0,4.528455641256547,1.2951332845509504e-09,5.205969424952692e-10,9.23321313902404e-08,4.945106184693617e-15,4.985616847538674e-15,2.632956094604817e-15,14310.954527015514,8110.205604101169,182112.76439498295,0.009759846819521184,0.011263671445134507,0.022278898023418706
4.422961600761447e-13,2721.0,7308.0,10029.0,29.0,0.0,4.502033506366935,1.2917106953449347e-09,5.140896164128211e-10,9.245342847089314e-08,4.957216053453175e-15,5.001040233920217e-15,2.64106640801514e-15,6854.542895171483,2056.9519679562723,115467.62784693272,0.007459804900746982,0.008121467467060833,0.01363135660865085
4.4504385897682547e-13,1055.0,8974.0,10029.0,29.0,0.0,4.513974382402145,1.3192188224133166e-09,5.275560761231999e-10,9.276677588139443e-08,4.99698882389374e-15,5.045129973366967e-15,2.6564241141192825e-15,10011.332414030481,4900.995413668691,131541.5174207549,0.00795952177706756,0.008757602160137674,0.015714027648366522
4.4724421671557244e-13,1277.0,8752.0,10029.0,29.0,0.0,4.5174651307597475,1.3282431768136027e-09,5.390341346293576e-10,9.30558820579448e-08,5.031329583292802e-15,5.082017700000574e-15,2.669679903507471e-15,4101.312364518213,5216.451081583635,145405.80145324802,0.008378495234634633,0.008968800679448644,0.01711464318862848
4.5032993305823704e-13,912.0,9117.0,10029.0,29.0,0.0,4.542550066486344,1.3327922496133022e-09,5.424767063217058e-10,9.350794199816172e-08,5.085130346610982e-15,5.134502893062229e-15,2.691477102951735e-15,1474.2355727265262,1115.6474899360037,166155.40482526075,0.009523484086259148,0.009318199721290426,0.0198746792231917
4.5108443495671605e-13,2970.0,7061.0,10031.0,31.0,0.0,4.507006364444742,1.3618413802684072e-09,5.40632072278126e-10,9.359919253348377e-08,5.096176066227196e-15,5.143091093936271e-15,2.695823643579241e-15,10472.417436854957,-6488.227316474183,94000.57592950588,0.0066858020164204945,0.006494868924688557,0.010155629673863329
4.527629485768719e-13,1658.0,8374.0,10032.0,32.0,0.0,4.4979522507933,1.3811261130095945e-09,5.382457572260735e-10,9.374905736990807e-08,5.115511279246573e-15,5.1631933034932445e-15,2.7034098158628978e-15,11732.380091774898,-637.1057114066654,87083.3478900625,0.006367587700025958,0.006575317618349729,0.009545001703613545
4.530291945107275e-13,3460.0,6575.0,10035.0,35.0,0.0,4.455721812332532,1.4123953682661586e-09,5.465931275136059e-10,9.380331862992633e-08,5.11904737493817e-15,5.167656906926047e-15,2.7081444172492383e-15,15873.208466786215,-5823.2366649631695,57414.10037161069,0.004799333657440692,0.003914097863406357,0.005621450658443665
4.554110420288125e-13,1231.0,8805.0,10036.0,36.0,0.0,4.452331246239812,1.4361781524349998e-09,5.464250438922407e-10,9.395341047247222e-08,5.142293057963754e-15,5.18750600624343e-15,2.7122088154607174e-15,11143.651102241703,-4411.992802688917,73792.67530159355,0.005602111542120273,0.004670765735212695,0.0082318605456587
4.576840192674165e-13,1258.0,8778.0,10036.0,36.0,0.0,4.450759716554777,1.4586751191755387e-09,5.492877291600222e-10,9.41373621670155e-08,5.167680846340925e-15,5.209291308733855e-15,2.7186040846808873e-15,9897.576780995487,1259.4429980036616,95407.66563510621,0.006179811361910342,0.005385381519598929,0.010983953217148347
4.608065307674786e-13,980.0,9056.0,10036.0,36.0,0.0,4.464742044471622,1.4618037128553462e-09,5.287591177060553e-10,9.446316071534478e-08,5.209655763867352e-15,5.246494358192225e-15,2.7342407599545232e-15,1001.9478486294411,-6574.390984167352,124227.5865803969,0.007526604490572897,0.006768647953019296,0.015047943756687627
4.615664829550497e-13,2821.0,7215.0,10036.0,36.0,0.0,4.436569043798272,1.4617692576539425e-09,5.287506391318586e-10,9.451825485109817e-08,5.2176401182397674e-15,5.253767529190427e-15,2.7357854075512175e-15,-45.33864362414996,-11.156720561457552,77337.39115460835,0.005446357624924763,0.004983105986303638,0.008525743723923163
4.646277137833817e-13,922.0,9115.0,10037.0,37.0,0.0,4.444149828101235,1.4563714430381744e-09,5.439794230526046e-10,9.477609834077076e-08,5.255014347884769e-15,5.285792547793613e-15,2.745338040596112e-15,-5500.268490218688,4907.629032781299,100222.38976295975,0.006752186061936996,0.006110310389673022,0.011715262712038856
4.669123715126582e-13,1263.0,8774.0,10037.0,37.0,0.0,4.446455917051809,1.4619101279123168e-09,5.500850660860761e-10,9.498807613212387e-08,5.285458988196354e-15,5.314724819023983e-15,2.7542279269370588e-15,2424.295247015372,2672.4541515482997,107335.39259475468,0.0072594792151730115,0.00691066659796574,0.012744263522457354
4.691411852178224e-13,1340.0,8698.0,10038.0,38.0,0.0,4.446812846738303,1.4477119773795682e-09,5.603325635479402e-10,9.523095385101672e-08,5.315153141893255e-15,5.341685894289299e-15,2.766802457131132e-15,-310.0850806416616,3655.0943850944536,116847.22041397908,0.006941016029872368,0.006731016090330518,0.014146432688592081
4.716192388976239e-13,1171.0,8867.0,10038.0,38.0,0.0,4.456422576130409,1.4431796058558074e-09,5.708097135879405e-10,9.550094939758794e-08,5.3489474201795936e-15,5.3745074597274915e-15,2.779408847965365e-15,-1829.0045775456333,4227.975416916729,124738.7441985257,0.0074517088057955575,0.0072644015893130204,0.01510410597749327
4.747888371354454e-13,917.0,9121.0,10038.0,38.0,0.0,4.473063397032737,1.438227259843473e-09,5.634737944242401e-10,9.58987578738645e-08,5.398640387434031e-15,5.4224121730773425e-15,2.7975026283690294e-15,-1562.452285983812,-2314.463415635398,145696.42465640593,0.008652796048342988,0.008368236640318088,0.01765766835050624
4.771859526212291e-13,1221.0,8818.0,10039.0,39.0,0.0,4.481678843757421,1.4328827150399548e-09,5.708479198408422e-10,9.623672494559465e-08,5.438649665945738e-15,5.459888047699986e-15,2.8146801354665033e-15,2256.1598827167795,-3276.3462056047215,150635.3851188618,0.008835349245773937,0.008060577498687372,0.01838456773710142
4.789510087193611e-13,1631.0,8408.0,10039.0,39.0,0.0,4.480089221739893,1.4384969125068176e-09,5.524263073399518e-10,9.646361350030102e-08,5.465380796036384e-15,5.48685749374704e-15,2.8249821643292308e-15,3180.747327410591,-10436.842500579498,139787.26730056616,0.00803512248106895,0.008086320790179069,0.016865680861001785
