energy (eV),eedf (eV-1),eepf (eV-3/2)
0.005651920491220913,0.008666849066543955,0.11528245369117594
0.01695576147366274,0.017771417782913364,0.13647824445760126
0.028259602456104566,0.022673877860958428,0.13487851594789538
0.0395634434385464,0.03090300727767693,0.15536518348867043
0.050867284420988215,0.03046528762785148,0.13507843058764052
0.06217112540343005,0.029852480118095846,0.11972533290868413
0.07347496638587186,0.03169090264736275,0.11691356709870339
0.0847788073683137,0.0330040615968391,0.11335057762118268
0.09608264835075553,0.03519265984596636,0.11353495948088899
0.10738648933319736,0.04464740428219613,0.13624525702161305
0.11869033031563918,0.04377196498254523,0.12705400922079246
0.129994171298081,0.04736126611111394,0.1313594628870735
0.14129801228052286,0.040970559223662335,0.10899431985347544
0.15260185326296466,0.04736126611111394,0.12123929433754069
0.16390569424540646,0.05340179727870518,0.13190426946139977
0.17520953522784832,0.057166186267204065,0.13657158549065807
0.18651337621029013,0.050950567239682644,0.11797609898205914
0.197817217192732,0.05524021980797208,0.12420050279352762
0.2091210581751738,0.0596174163062266,0.13036897974199027
0.2204248991576156,0.06775900179298001,0.1443233742644734
0.23172874014005745,0.06381952494455094,0.13257560475351796
0.24303258112249926,0.06478250817416693,0.13140912056091805
0.2543364221049411,0.06933479253235164,0.13748234830210185
0.2656402630873829,0.06723373821318947,0.13044886595894148
0.2769441040698247,0.06767145786301493,0.12859067345350506
0.2882479450522666,0.07204865436126945,0.13419698667067234
0.29955178603470844,0.0688095289525611,0.12572238991912243
0.3108556270171502,0.06837180930273565,0.12263027608964731
0.32215946799959205,0.06907216074245637,0.12169355894078591
0.3334633089820339,0.07476251619018724,0.12946723762089637
0.3447671499644757,0.07038531969193272,0.1198723855356353
0.3560709909469175,0.07721374622920978,0.12939763157413345
0.3673748319293594,0.07047286362189782,0.11626987858418251
0.3786786729118012,0.08080304735777849,0.13130834168180106
0.389982513894243,0.07843936124872104,0.1256063169086452
0.40128635487668485,0.07975252019819741,0.12589753284254332
0.4125901958591267,0.07756392194907014,0.12075366161209722
0.42389403684156846,0.07660093871945414,0.11765365901517347
0.4351978778240103,0.08299164560690575,0.12580299822883712
0.4465017188064522,0.08377954097659157,0.12537946404243983
0.457805559788894,0.08675603459540464,0.12822100068232925
0.4691094007713358,0.08850691319470645,0.1292230913597875
0.48041324175377764,0.07905216875847668,0.11405289261762322
0.49171708273621945,0.08658094673547446,0.12347091944346113
0.5030209237186614,0.0834293652567312,0.11763211733170979
0.5143247647011031,0.09148340681351952,0.12756267304147628
0.5256286056835449,0.08815673747484609,0.12159508290691
0.5369324466659868,0.087106210315265,0.11887466197282197
0.5482362876484286,0.08920726463442717,0.12048038142476523
0.5595401286308703,0.09358446113268169,0.12510887671493973
0.5708439696133123,0.09200867039331007,0.12177833895984981
0.582147810595754,0.08885708891456681,0.11645964094317472
0.5934516515781959,0.08570550743582356,0.11125410880060557
0.6047554925606378,0.09183358253337989,0.11808959040600565
0.6160593335430795,0.09209621432327515,0.11733579163378666
0.6273631745255214,0.09139586288355443,0.11538969520136214
0.6386670155079632,0.0898200721441828,0.11239219576196414
0.649970856490405,0.08780656175498573,0.10891307747462746
0.6612746974728468,0.09437235650236751,0.11605232535211994
0.6725785384552887,0.08929480856439226,0.10888165360916552
0.6838823794377304,0.09087059930376389,0.10988355090123107
0.6951862204201724,0.09559797152187878,0.11465634665695988
0.7064900614026142,0.09489762008215805,0.11290217087839272
0.7177939023850559,0.09559797152187878,0.11283628907992396
0.7290977433674979,0.09848692121072676,0.11534152367708819
0.7404015843499396,0.0981367454908664,0.11405070696311995
0.7517054253323814,0.10260148591908601,0.11833952128363093
0.7630092663148234,0.10015025588006347,0.114653457823725
0.7743131072972651,0.11126833498562996,0.12644838411983098
0.785616948279707,0.10575306739782928,0.11931294102696648
0.7969207892621488,0.10759148992709616,0.12052311380296997
0.8082246302445906,0.10881710494660743,0.12104061644042435
0.8195284712270324,0.11048043961594416,0.12204032926364981
0.8308323122094743,0.10899219280653762,0.11957453508072734
0.842136153191916,0.10794166564695654,0.1176245457611001
0.8534399941743579,0.10785412171699144,0.11674821550024843
0.8647438351567998,0.09962499230027294,0.10713331997450388
0.8760476761392415,0.10619078704765472,0.1134548245876934
0.8873515171216835,0.10837938529678198,0.11505323525617661
0.8986553581041252,0.10496517202814346,0.1107257518319328
0.909959199086567,0.10969254424625834,0.11499160875527636
0.9212630400690089,0.10776657778702635,0.11227737944223176
0.9325668810514507,0.10960500031629325,0.1134985657935561
0.9438707220338924,0.11319430144486196,0.11651136926658194
0.9551745630163344,0.1138071089546176,0.11644692292037975
0.9664784039987762,0.11617079506367503,0.11816827193966048
0.9777822449812179,0.11336938930479214,0.11465017811264858
0.9890860859636599,0.12186115051140592,0.12253163479673046
1.0003899269461016,0.11039289568597907,0.11037137939576758
1.0116937679285436,0.11424482860444304,0.11358265420694139
1.0229976089109853,0.11940992047238339,0.11806008723571086
1.034301449893427,0.11967255226227864,0.11767141790605479
1.0456052908758688,0.11398219681454777,0.11146875151841969
1.0569091318583108,0.11468254825426849,0.1115522949240319
1.0682129728407526,0.11853448117273248,0.11468741898996866
1.0795168138231945,0.12177360658144082,0.11720292847887648
1.0908206548056363,0.1137195650246525,0.10888260768835675
1.102124495788078,0.11940992047238339,0.11374310550775156
1.1134283367705198,0.12387466090060299,0.11739547129618878
1.1247321777529617,0.11529535576402412,0.10871444514677336
1.1360360187354037,0.12588817128980007,0.11811059959631988
1.1473398597178455,0.12308676553091719,0.11491198285028026
1.1586437007002872,0.11844693724276739,0.11003956957904666
1.169947541682729,0.1201102719121041,0.11104447509615827
1.181251382665171,0.1182718493828372,0.10882037617743494
1.1925552236476127,0.12816431346889243,0.11736209840385191
1.2038590646300547,0.12264904588109173,0.11178315174776063
1.2151629056124964,0.12448746841035863,0.1129297543228049
1.2264667465949382,0.13017782385808951,0.11754634197798265
1.23777058757738,0.13227887817725167,0.11889687054794258
1.2490744285598219,0.1266760666594859,0.11334448960905198
1.2603782695422636,0.12755150595913678,0.11361485986656471
1.2716821105247056,0.12755150595913678,0.11310877779666217
1.2829859515071473,0.12702624237934626,0.11214566763150098
1.294289792489589,0.1311408070877055,0.1152715383620575
1.3055936334720308,0.1330667735469375,0.11645700446863642
1.3168974744544728,0.12615080307969534,0.10992944546804899
1.3282013154369146,0.13254150996714695,0.1150058576182642
1.3395051564193565,0.13735642611522692,0.11867979500357098
1.3508089974017983,0.1331543174769026,0.11456666747523275
1.36211283838424,0.13324186140686767,0.1141653067892334
1.373416679366682,0.14471011623229452,0.12348031641402017
1.3847205203491237,0.13455502035634404,0.11434543795472432
1.3960243613315657,0.1356055475159251,0.11477068085921169
1.4073282023140075,0.13718133825529674,0.1156371394402901
1.4186320432964492,0.13989520008421455,0.11745403231647737
1.429935884278891,0.1377941457650524,0.11523183672776442
1.441239725261333,0.1293899284884037,0.10777855601368581
1.4525435662437747,0.13980765615424945,0.11600223889268864
1.4638474072262166,0.14173362261348144,0.11714533094223914
1.4751512482086584,0.13691870646540147,0.11273129914624547
1.4864550891911001,0.1392823925744589,0.11424055973274616
1.497758930173542,0.1377066018350873,0.11252105683727719
1.5090627711559839,0.13753151397515712,0.11195630877995368
1.5203666121384256,0.1485620491507585,0.1204852045271462
1.5316704531208676,0.14987520810023486,0.12110083337123162
1.5429742941033093,0.1402453758040749,0.11290396792125297
1.554278135085751,0.14164607868351636,0.11361618102419409
1.565581976068193,0.1431343254929229,0.11439469622363264
1.5768858170506348,0.13630589895564585,0.10854617591064555
1.5881896580330768,0.14654853876156143,0.11628677079123806
1.5994934990155185,0.13972011222428438,0.11047593507795411
1.6107973399979603,0.141295902963656,0.11132920743416376
1.622101180980402,0.1439222208626087,0.11300271598489535
1.633405021962844,0.14435994051243417,0.11295351523276836
1.6447088629452857,0.15153854276957157,0.1181622059873349
1.6560127039277277,0.14435994051243417,0.1121798519138171
1.6673165449101695,0.15075064739988575,0.11674818994777515
1.6786203858926112,0.1504004716800254,0.11608415695943736
1.689924226875053,0.14987520810023486,0.11529120625251817
1.701228067857495,0.160643111485941,0.12316316414539673
1.7125319088399367,0.1449727480221898,0.11078144740967841
1.7238357498223786,0.15285170171904794,0.11641859041892275
1.7351395908048204,0.15250152599918756,0.11577291806048699
1.7464434317872621,0.15512784389814027,0.11738497038968751
1.7577472727697039,0.1494374884504094,0.11271490348787573
1.7690511137521459,0.14751152199117742,0.1109061816397775
1.7803549547345878,0.14882468094065376,0.11153769400369623
1.7916587957170296,0.15267661385911777,0.11406302009256218
1.8029626366994713,0.15188871848943195,0.11311811371620031
1.814266477681913,0.16090574327583626,0.11945958666890108
1.825570318664355,0.14891222487061886,0.1102125547010268
1.8368741596467968,0.15013783989013013,0.11077721965429631
1.8481780006292388,0.15556556354796575,0.11443044013617613
1.8594818416116805,0.16046802362601081,0.11767725598335406
1.8707856825941223,0.15687872249744209,0.1146969911903832
1.882089523576564,0.15644100284761664,0.11403297444881871
1.893393364559006,0.16283170973506825,0.11833645571065954
1.9046972055414477,0.15626591498768647,0.11322733535164581
1.9160010465238897,0.16169363864552208,0.11681404511777273
1.9273048875063314,0.16020539183611554,0.11539896591347891
1.9386087284887732,0.15153854276957157,0.10883736649894316
1.949912569471215,0.14917485666051414,0.10682872860958367
1.961216410453657,0.15276415778908284,0.10908341127263299
1.9725202514360989,0.1633569733148588,0.11631264793276949
1.9838240924185406,0.1602929357660806,0.11380538254877293
1.9951279334009824,0.15950504039639482,0.11292472375917503
2.006431774383424,0.16020539183611554,0.11310060553081311
2.017735615365866,0.159680128256325,0.11241357067296026
2.0290394563483076,0.16414486868454461,0.11523437871789512
2.04034329733075,0.16361960510475407,0.11454699944115249
2.0516471383131916,0.16764662588314821,0.11704247117613362
2.0629509792956333,0.15854205716677883,0.11038245146023577
2.074254820278075,0.16388223689464934,0.11378914368716854
2.0855586612605173,0.16160609471555698,0.11190423702560316
2.096862502242959,0.1623064461552777,0.1120858505880434
2.1081663432254008,0.16449504440440496,0.11329229671269415
2.1194701842078425,0.1623939900852428,0.11154658964843177
2.1307740251902842,0.1603804796960457,0.10987093266281392
2.142077866172726,0.15547801961800065,0.10623102535504449
2.1533817071551677,0.15801679358698828,0.10768190630379838
2.16468554813761,0.15950504039639482,0.1084119116654704
2.1759893891200517,0.1633569733148588,0.11074121690864842
2.1872932301024934,0.16046802362601081,0.10850131440908234
2.198597071084935,0.158717145026709,0.1070412126113768
2.209900912067377,0.16195627043541735,0.10894601932743755
2.221204753049819,0.1679968016030086,0.11272148886455706
2.232508594032261,0.15854205716677883,0.1061079488603741
2.2438124350147026,0.16396978082461441,0.10946380515148708
2.2551162759971444,0.16537048370405588,0.11012185716015899
2.266420116979586,0.15897977681660427,0.1056018860526465
2.277723957962028,0.1658957472838464,0.10992202188937153
2.28902779894447,0.1632694293848937,0.10791438534655722
2.300331639926912,0.16922241662251986,0.11157391347939857
2.3116354809093536,0.16379469296468424,0.10773086586162886
2.3229393218917953,0.16852206518279914,0.11057013499181112
2.334243162874237,0.16615837907374167,0.10875499159516636
2.3455470038566792,0.17123592701171694,0.11180798456150394
2.356850844839121,0.16519539584412568,0.10760486069157378
2.3681546858215627,0.15950504039639482,0.10365001709487054
2.3794585268040045,0.16808434553297366,0.10896529468366709
2.3907623677864462,0.16545802763402095,0.10700883535694419
2.402066208768888,0.17009785592217075,0.10975046083152604
2.4133700497513297,0.1659832912138115,0.10684455937789522
2.424673890733772,0.17123592701171694,0.10996847975879741
2.4359777317162137,0.16939750448245003,0.10853513509967945
2.4472815726986554,0.16624592300370677,0.10626959695884362
2.458585413681097,0.1658957472838464,0.1058016894807606
2.469889254663539,0.16274416580510315,0.10355395447229426
2.481193095645981,0.1669462744434275,0.1059854992276075
2.492496936628423,0.17307434954098383,0.10962646029218608
2.5038007776108646,0.16440750047443986,0.10390148189389767
2.5151046185933064,0.16572065942391623,0.10449574951478251
2.526408459575748,0.1651078519141606,0.10387617365522354
2.53771230055819,0.172286454171298,0.1081508508511658
2.549016141540632,0.1695725923423802,0.10621096792523697
2.560319982523074,0.17289926168105366,0.10805528567515571
2.5716238235055155,0.16729645016328787,0.10432370577700385
2.5829276644879573,0.1650203079841955,0.10267891512826113
2.594231505470399,0.16887224090265948,0.10484649140855687
2.6055353464528412,0.16318188545492862,0.1010935534298321
2.616839187435283,0.16563311549395113,0.10239026180477884
2.6281430284177247,0.17263662989115838,0.10648990781093921
2.6394468694001665,0.17009785592217075,0.1046989622834728
2.6507507103826082,0.17272417382112346,0.10608859084559813
2.66205455136505,0.16825943339290386,0.1031266586571657
2.6733583923474917,0.1686096091127642,0.10312257034267568
2.684662233329934,0.17246154203122818,0.10525613973826577
2.6959660743123757,0.17141101487164712,0.1043954365825453
2.7072699152948174,0.1707106634319264,0.10375161640576842
2.718573756277259,0.1659832912138115,0.10066854965498906
2.7298775972597014,0.17316189347094893,0.10480469508450674
2.741181438242143,0.17394978884063472,0.10506426210894693
2.752485279224585,0.17176119059150746,0.10352912401129437
2.7637891202070266,0.17289926168105366,0.10400175963333434
2.7750929611894684,0.1705355755719962,0.10237082974551208
2.78639680217191,0.17377470098070455,0.10410343706718235
2.797700643154352,0.17613838708976198,0.10530606721825453
2.809004484136794,0.17001031199220568,0.10143761933924905
2.820308325119236,0.17762663389916852,0.10576933921052974
2.8316121661016775,0.17753908996920345,0.10550598699992104
2.8429160070841193,0.1715861027315773,0.10176538869435744
2.854219848066561,0.1789397928486449,0.10591640200626544
2.8655236890490032,0.17999032000822598,0.10632787821327327
2.876827530031445,0.1714985588016122,0.10111220043210963
2.8881313710138867,0.17561312350997146,0.1033352502423845
2.8994352119963285,0.17263662989115838,0.10138559283110682
2.9107390529787702,0.1715861027315773,0.10057278435801902
2.922042893961212,0.1753504917200762,0.10258023618069219
2.933346734943654,0.17281171775108856,0.10090007436359613
2.944650575926096,0.1826166379071787,0.10642005017358906
2.9559544169085377,0.1815661107475976,0.10560535103927562
2.9672582578909794,0.17272417382112346,0.10027102407704941
2.978562098873421,0.18086575930787688,0.10479800771578153
2.9898659398558634,0.17657610673958746,0.10211888849148085
3.001169780838305,0.18279172576710886,0.10551428265122234
3.012473621820747,0.18209137432738814,0.10491262349837177
3.0237774628031886,0.16668364265353222,0.09585572801027825
3.0350813037856303,0.17184873452147256,0.09864184203216747
3.046385144768072,0.1788522489186798,0.1024712422004364
3.057688985750514,0.18287926969707397,0.10458462037587915
3.068992826732956,0.17911488070857506,0.10224303471913256
3.080296667715398,0.17211136631136784,0.09806482987833491
3.0916005086978395,0.175175403860146,0.09962800694845844
3.1029043496802813,0.17631347494969218,0.10009244795554292
3.1142081906627235,0.17771417782913362,0.10070435574044119
3.1255120316451652,0.17727645817930818,0.1002744939208827
3.136815872627607,0.18646857082564267,0.10528369752010987
3.1481197136100487,0.1806031275179816,0.10178871863433098
3.1594235545924905,0.18813190549497938,0.10584211959529057
3.170727395574932,0.17832698533888924,0.100146924170867
3.182031236557374,0.17631347494969218,0.0988401249377923
3.193335077539816,0.1851554118761663,0.103612980031738
3.204638918522258,0.17710137031937798,0.09893099345218138
3.2159427595046997,0.1815661107475976,0.1012466437893812
3.2272466004871414,0.17193627845143766,0.09570870637614383
3.238550441469583,0.1834045332768645,0.10191420786006995
3.2498542824520253,0.1789397928486449,0.09926016345330066
3.261158123434467,0.18025295179812126,0.0998151484350834
3.272461964416909,0.18121593502773725,0.10017493758122269
3.2837658053993506,0.17911488070857506,0.09884292303033249
3.2950696463817923,0.17508785993018092,0.09645477564387911
3.306373487364234,0.18646857082564267,0.10254858856493115
3.3176773283466763,0.17246154203122818,0.09468369383462884
3.328981169329118,0.17937751249847034,0.098313312216631
3.3402850103115598,0.1779768096190289,0.09738042264204493
3.3515888512940015,0.17911488070857506,0.09783771463942018
3.3628926922764433,0.1796401442883656,0.09795957459841927
3.3741965332588855,0.17640101887965726,0.09603198409501532
3.385500374241327,0.1815661107475976,0.09867868598807282
3.396804215223769,0.1753504917200762,0.0951418803033021
3.4081080562062107,0.17622593101972708,0.09545817688893664
3.4194118971886525,0.18139102288766742,0.09809346614392392
3.430715738171094,0.17359961312077438,0.09372520210129259
3.442019579153536,0.16729645016328787,0.09017373481281835
3.453323420135978,0.17088575129185657,0.09195751467149565
3.46462726111842,0.1686096091127642,0.09058453565466583
3.4759311021008616,0.17570066743993654,0.09424055422156104
3.4872349430833034,0.175175403860146,0.09380641169024798
3.498538784065745,0.17937751249847034,0.09590133454974938
3.5098426250481873,0.17421242063053,0.09298979562805208
3.521146466030629,0.17482522814028564,0.09316698865558222
3.532450307013071,0.1743875084904602,0.09278490818295859
3.5437541479955126,0.17508785993018092,0.09300884304864307
3.5550579889779543,0.1770138263894129,0.09388232695721128
3.566361829960396,0.17193627845143766,0.09104473176468521
3.5776656709428383,0.17412487670056492,0.09205787485114696
3.58896951192528,0.175175403860146,0.09246731410911463
3.6002733529077218,0.16992276806224058,0.08955376232777555
3.6115771938901635,0.18034049572808633,0.09489532296218048
3.6228810348726053,0.17771417782913362,0.0933673516004436
3.6341848758550475,0.16922241662251986,0.08876758086946457
3.645488716837489,0.175175403860146,0.09174771317836654
3.656792557819931,0.1734245252608442,0.09069019842452909
3.6680963988023727,0.17543803565004126,0.09160166879539342
3.6794002397848145,0.1670338183733926,0.0870794932384867
3.690704080767256,0.1753504917200762,0.09127511221699017
3.702007921749698,0.17141101487164712,0.08908817336120052
3.71331176273214,0.1788522489186798,0.09281404464767293
3.724615603714582,0.1880443615650143,0.09743603138544535
3.7359194446970236,0.178064353548994,0.09212515588713883
3.7472232856794654,0.17841452926885434,0.09216699591858867
3.7585271266619076,0.17780172175909872,0.09171220130792293
3.7698309676443493,0.1697476802023104,0.08742646309472124
3.781134808626791,0.1760508431597969,0.09053719363418836
3.792438649609233,0.17088575129185657,0.0877498878637294
3.8037424905916746,0.17718891424934308,0.09085126797454879
3.8150463315741163,0.17666365066955253,0.09044765100671241
3.826350172556558,0.17657610673958746,0.09026919733534428
3.8376540135390003,0.17999032000822598,0.09187899584221908
3.848957854521442,0.17219891024133294,0.08777257123014705
3.8602616955038838,0.1769262824594478,0.09005005420543416
3.8715655364863255,0.17141101487164712,0.08711549699564787
3.8828693774687673,0.17254908596119328,0.08756615343730205
3.8941732184512095,0.1642324126145097,0.08322450868682366
3.905477059433651,0.1706231195019613,0.0863377710276846
3.916780900416093,0.17263662989115838,0.08723048962984066
3.9280847413985347,0.17718891424934308,0.08940177115645737
3.9393885823809764,0.16808434553297366,0.0846862410889595
3.950692423363418,0.1679092576730435,0.08447691233948336
3.9619962643458604,0.16650855479360205,0.08365261478151285
3.973300105328302,0.17316189347094893,0.08687136421347719
3.984603946310744,0.17193627845143766,0.08613406462735987
3.9959077872931856,0.1678217137430784,0.08395381246808636
4.007211628275627,0.16817188946293876,0.08401024750033378
4.01851546925807,0.17088575129185657,0.08524580766661181
4.02981931024051,0.17780172175909872,0.08857133188169812
4.041123151222953,0.1759632992298318,0.08753284686444532
4.052426992205395,0.1715861027315773,0.08523628452445008
4.063730833187837,0.16344451724482387,0.08107890778266122
4.075034674170279,0.17202382238140274,0.08521635211162967
4.08633851515272,0.1679968016030086,0.08310628002273518
4.097642356135163,0.1678217137430784,0.08290507690409944
4.108946197117604,0.173249437400914,0.08546860305637066
4.120250038100046,0.1670338183733926,0.08228915886373503
4.131553879082487,0.1707106634319264,0.08398542800256532
4.14285772006493,0.16922241662251986,0.08313959098481843
4.1541615610473706,0.17421242063053,0.08547466823272208
4.165465402029813,0.17745154603923835,0.08694568264917757
4.176769243012255,0.16467013226433513,0.08057393859873403
4.188073083994697,0.16650855479360205,0.08136346313515111
4.199376924977139,0.16808434553297366,0.08202284685294178
4.21068076595958,0.16650855479360205,0.08114474375256486
4.221984606942023,0.1607306554159061,0.07822406717328381
4.233288447924464,0.16554557156398605,0.08045974223312066
4.244592288906906,0.16764662588314821,0.08137234405738794
4.255896129889347,0.1632694293848937,0.07914242711638395
4.26719997087179,0.17176119059150746,0.08314833251112125
4.278503811854231,0.17132347094168202,0.0828268038191949
4.289807652836673,0.17202382238140274,0.08305574605437734
4.301111493819114,0.16475767619430023,0.07944293992458351
4.312415334801557,0.1632694293848937,0.07862208993557168
4.3237191757839994,0.1658957472838464,0.07978229291635142
4.33502301676644,0.17123592701171694,0.08224304574538936
4.346326857748883,0.1658957472838464,0.07957452617583646
4.357630698731324,0.172286454171298,0.08253267510290843
4.368934539713766,0.1668587305134624,0.07982908772509403
4.380238380696207,0.16344451724482387,0.07809468609833342
4.39154222167865,0.1658957472838464,0.07916381620164863
4.402846062661091,0.16475767619430023,0.07851974981631828
4.414149903643533,0.16554557156398605,0.07879415978316304
4.425453744625974,0.17377470098070455,0.08260524944228861
4.436757585608417,0.16388223689464934,0.0778034818545993
4.44806142659086,0.16659609872356715,0.07899133232473368
4.4593652675733,0.17044803164203112,0.0807152259451308
4.470669108555743,0.1723739981012631,0.08152400206116396
4.481972949538184,0.16992276806224058,0.08026329020290353
4.493276790520627,0.16852206518279914,0.07950147503173464
4.504580631503067,0.16248153401520787,0.07655557593658734
4.51588447248551,0.16668364265353222,0.0784371077424019
4.527188313467951,0.1670338183733926,0.07850370054875912
4.538492154450394,0.16440750047443986,0.07717307978319471
4.549795995432834,0.1668587305134624,0.07822633311411704
4.561099836415277,0.1614310068556268,0.07558788023132589
4.57240367739772,0.16580820335388133,0.07754141658544149
4.5837075183801606,0.16624592300370677,0.07765019568691446
4.595011359362603,0.15784170572705808,0.07363401316529283
4.606315200345044,0.16256907794517297,0.07574624639981459
4.617619041327487,0.1660708351437766,0.07728306178238806
4.6289228823099275,0.1678217137430784,0.0780024383478501
4.64022672329237,0.15626591498768647,0.07254285752182137
4.651530564274811,0.1633569733148588,0.07574251798383277
4.662834405257254,0.16020539183611554,0.07419115502995471
4.6741382462396945,0.16283170973506825,0.0753161664118622
4.685442087222137,0.16081819934587116,0.07429505489592056
4.696745928204579,0.15547801961800065,0.07174150224931967
4.708049769187021,0.1659832912138115,0.07649690233680367
4.719353610169463,0.16204381436538243,0.07459181898382013
4.730657451151904,0.15845451323681373,0.07285239988795336
4.741961292134347,0.1575790739371628,0.0723634962356704
4.753265133116788,0.16160609471555698,0.07412448955552449
4.76456897409923,0.156791178567477,0.07183065314775919
4.775872815081671,0.15320187743890828,0.07010317876709739
4.787176656064114,0.15784170572705808,0.07214098012620984
4.798480497046555,0.1602929357660806,0.0731749637705273
4.809784338028997,0.16318188545492862,0.0744062033639225
4.821088179011439,0.15206380634936212,0.06925534861807792
4.832392019993881,0.1633569733148588,0.07431159773577414
4.843695860976323,0.1614310068556268,0.07334973052582754
4.854999701958764,0.1560908271277563,0.07084068927004478
4.866303542941207,0.16003030397618534,0.07254418944359717
4.877607383923648,0.1586296010967439,0.07182585631335603
4.88891122490609,0.1566160907075468,0.07083213033133554
4.900215065888531,0.1612559189956966,0.0728463999683864
4.911518906870974,0.15486521210824503,0.06987888417995149
4.922822747853415,0.15171363062950174,0.0683781744855555
4.934126588835857,0.1539897728085941,0.06932449817669677
4.945430429818298,0.1560032831977912,0.0701506484875012
4.956734270800741,0.15985521611625517,0.07180075209934571
4.9680381117831836,0.14891222487061886,0.0668094494589818
4.979341952765624,0.15547801961800065,0.06967597010346697
4.990645793748067,0.158717145026709,0.07104695499451207
5.001949634730508,0.14348450121278325,0.0641557128843528
5.0132534757129505,0.14891222487061886,0.06650748429994392
5.024557316695391,0.15521538782810537,0.06924459380824306
5.035861157677834,0.14891222487061886,0.06635802909015044
5.047164998660275,0.14541046767201524,0.06472497925494103
5.0584688396427175,0.14794924164100287,0.06578141388857611
5.069772680625158,0.14847450522079342,0.06594132103083487
5.081076521607601,0.15355205315876866,0.06812048950210425
5.092380362590044,0.15433994852845448,0.06839398892446455
5.1036842035724845,0.14812432950093304,0.06556687731188869
5.114988044554927,0.15425240459848938,0.06820396633737852
5.126291885537368,0.15346450922880356,0.06778073742577377
5.137595726519811,0.1430467815629578,0.06310999234392471
5.1488995675022515,0.15092573525981595,0.06651293157593186
5.160203408484694,0.1420837983333418,0.0625476716981428
5.171507249467135,0.1504004716800254,0.06613641189019351
5.182811090449578,0.1523264381392574,0.06691024149450762
5.1941149314320185,0.14899976880058396,0.06537772694763164
5.205418772414461,0.14724889020128215,0.06453929146654792
5.216722613396904,0.14619836304170106,0.06400938249576936
5.228026454379345,0.13980765615424945,0.061145157312175756
5.239330295361787,0.14751152199117742,0.0644448259406402
5.250634136344228,0.1449727480221898,0.06326747357375992
5.261937977326671,0.14374713300267852,0.0626651854424338
5.273241818309112,0.14155853475355126,0.06164490887548291
5.284545659291554,0.14611081911173596,0.06355921842659917
5.295849500273995,0.13963256829431928,0.060676274700414666
5.307153341256438,0.1449727480221898,0.06292968432842942
5.318457182238879,0.14015783187410982,0.0607749397691838
5.329761023221321,0.14418485265250397,0.06245479248703592
5.341064864203763,0.1439222208626087,0.06227502719380168
5.352368705186205,0.13648098681557602,0.05899281804329334
5.363672546168647,0.13954502436435418,0.06025363159542072
5.374976387151088,0.13901976078456363,0.059963677054917244
5.386280228133531,0.13630589895564585,0.058731376437323374
5.397584069115972,0.13332940533683277,0.0573886798435312
5.408887910098414,0.1367436186054713,0.05879671703600646
5.420191751080855,0.1321037903173215,0.05674243294404474
5.431495592063298,0.1394574804343891,0.05983869297166611
5.442799433045739,0.13508028393613458,0.057900298060523284
5.454103274028181,0.13726888218526184,0.05877740640158518
5.465407115010623,0.13823186541487784,0.059128506551636636
5.476710955993065,0.1340297567765535,0.057271864126359436
5.4880147969755075,0.13691870646540147,0.0584460480364636
5.499318637957948,0.13551800358596003,0.05778865054289953
5.510622478940391,0.1264134348695906,0.053850892102816426
5.521926319922832,0.1263258909396255,0.05375849057421691
5.5332301609052745,0.12982764813822914,0.05519221478453515
5.544534001887715,0.1265009787995557,0.05372313653701576
5.555837842870158,0.1303529117180197,0.055302651700447666
5.567141683852599,0.12728887416924153,0.05394787073020292
5.5784455248350415,0.13175361459746113,0.05578352324404057
5.589749365817483,0.12431238055042844,0.052579713515178046
5.601053206799925,0.13157852673753095,0.055596847974294546
5.612357047782368,0.1303529117180197,0.05502348458838321
5.6236608887648085,0.13052799957794986,0.0550419890996472
5.634964729747251,0.13332940533683277,0.05616688530941659
5.646268570729692,0.12781413774903205,0.053789576945717975
5.657572411712135,0.12728887416924153,0.053514982123384645
5.6688762526945755,0.12326185339084736,0.05177024320438063
5.680180093677018,0.11984764012220883,0.05028615551717707
5.691483934659459,0.12588817128980007,0.05276818635032404
5.702787775641902,0.12895220883857825,0.0539989332768942
5.7140916166243425,0.12536290771000952,0.05244395753741855
5.725395457606785,0.11757149794311648,0.04913594431185276
5.736699298589228,0.12413729269049827,0.05182880870654462
5.748003139571669,0.12002272798213902,0.05006163105576766
5.759306980554111,0.12439992448039354,0.05183642033279481
5.770610821536552,0.12028535977203428,0.05007280015842066
5.781914662518995,0.12658852272952079,0.052645165220585925
5.793218503501436,0.11363202109468741,0.047210736617302136
5.804522344483878,0.122911677670987,0.05101641101513344
5.815826185466319,0.12002272798213902,0.049768870469059
5.827130026448762,0.11888465689259284,0.0492491176667613
5.838433867431203,0.12247395802116155,0.050686881321364445
5.849737708413645,0.12588817128980007,0.05204951990977542
5.861041549396088,0.11406974074451286,0.047117588442136205
5.872345390378529,0.11590816327377976,0.0478308642579732
5.883649231360971,0.11520781183405904,0.04749616464807366
5.894953072343412,0.1100427199661187,0.04532326002480999
5.906256913325855,0.11538289969398922,0.04747722008338318
5.917560754308296,0.11293166965496669,0.04642419549112755
5.928864595290738,0.11687114650339575,0.04799782285001892
5.940168436273179,0.11065552747587433,0.04540186916432035
5.951472277255622,0.11477009218423359,0.04704533040712098
5.962776118238063,0.11179359856542051,0.04578178108287465
5.974079959220505,0.10978008817622344,0.04491465413464622
5.985383800202947,0.105490435607934,0.043118841487887596
5.996687641185389,0.1082918413668169,0.044222167434859586
6.0079914821678315,0.11205623035531578,0.045716329506530054
6.019295323150272,0.10671605062744527,0.0434967610351887
6.030599164132715,0.10531534774800382,0.04288559446883533
6.041903005115156,0.1109181592657696,0.0451248508218392
6.0532068460975985,0.10531534774800382,0.0428054344090935
6.064510687080039,0.10759148992709616,0.04368979820680165
6.075814528062482,0.09831183335079659,0.03988444388916512
6.087118369044923,0.10610324311768964,0.043005379563777785
6.0984222100273655,0.10303920556891147,0.04172475136292847
6.109726051009807,0.10111323910967948,0.04090695510620255
6.121029891992249,0.09848692121072676,0.039807628990096294
6.132333732974692,0.10032534373999366,0.04051331357093616
6.1436375739571325,0.09332182934278642,0.03765047412457944
6.154941414939575,0.10137587089957474,0.040862283861151434
6.166245255922016,0.09901218479051731,0.03987293883662028
6.177549096904459,0.09708621833128532,0.03906155085986025
6.1888529378868995,0.10295166163894637,0.041383601084322715
6.200156778869342,0.09822428942083149,0.03944732516784786
6.211460619851783,0.09927481658041258,0.03983292744704591
6.222764460834226,0.09699867440132022,0.0388842850183853
6.234068301816667,0.09612323510166931,0.03849839293192019
6.245372142799109,0.09568551545184387,0.03828838425977314
6.256675983781552,0.09393463685254205,0.037553803407484106
6.267979824763993,0.0954228836619486,0.038114369661610595
6.279283665746435,0.0907830553737988,0.036228449188277376
6.290587506728876,0.09323428541282133,0.03717320806362628
6.301891347711319,0.0916584946734497,0.036512138059271344
6.31319518869376,0.08693112245533482,0.03459797486586062
6.324499029676202,0.08728129817519518,0.03470628525288578
6.335802870658643,0.09025779179400825,0.03585781942886781
6.347106711641086,0.09104568716369407,0.03613861281273982
6.358410552623527,0.09069551144383371,0.0359676042527721
6.369714393605969,0.08605568315568392,0.034097267498809945
6.381018234588412,0.08990761607414789,0.035591925979456165
6.392322075570853,0.08150339879749921,0.03223638956501664
6.403625916553295,0.08666849066543955,0.034249028473420665
6.414929757535736,0.08640585887554428,0.034115146359125326
6.426233598518179,0.08763147389505554,0.03456860562844027
6.43753743950062,0.08649340280550936,0.03408969373089126
6.448841280483062,0.08150339879749921,0.03209481492580837
6.460145121465503,0.07957743233826722,0.03130897032162726
6.471448962447946,0.08115322307763885,0.03190105219842353
6.482752803430387,0.0780016415988956,0.030635432222468503
6.494056644412829,0.0824663820271152,0.032360774365083875
6.505360485395272,0.07817672945882577,0.030650799978047445
6.516664326377713,0.0807155034278134,0.031618719972183774
6.5279681673601555,0.07528777976997779,0.029466969666469247
6.539272008342596,0.07572549941980325,0.029612661678824582
6.550575849325039,0.07913971268844178,0.03092108534057128
6.56187969030748,0.07397462082050144,0.02887810000211542
6.5731835312899225,0.07502514798008252,0.029263009039460896
6.584487372272363,0.0715233907814789,0.02787321795334532
6.595791213254806,0.07301163759088544,0.028428807287136787
6.607095054237247,0.07073549541179308,0.027518966661884844
6.6183988952196895,0.07423725261039671,0.028856617419494735
6.629702736202132,0.07379953296057125,0.028662006190734196
6.641006577184573,0.06740882607311965,0.026157715309475253
6.652310418167016,0.07021023183200255,0.027221631696405735
6.6636142591494565,0.07414970868043161,0.028724635384407546
6.674918100131899,0.07134830292154871,0.027615993819344042
6.68622194111434,0.06758391393304983,0.02613683191397986
6.697525782096783,0.06924724860238655,0.02675748713120793
6.7088296230792235,0.06592057926371311,0.02545057704585121
6.720133464061666,0.06810917751284037,0.02627342473016906
6.731437305044107,0.05988004809612187,0.023079597886588664
6.74274114602655,0.06793408965291019,0.02616191415790887
6.754044987008991,0.06609566712364329,0.025432614938175818
6.765348827991433,0.06303162957486513,0.024233349068320333
6.776652668973876,0.06355689315465567,0.02441490541034896
6.787956509956317,0.06346934922469058,0.02436096679267083
6.799260350938759,0.06163092669542368,0.023635666986209832
6.8105641919212,0.060667943465807686,0.02324704348888581
6.821868032903643,0.06110566311563314,0.023395363885084473
6.833171873886084,0.06093057525570296,0.02330902491486904
6.844475714868526,0.0641697006644113,0.024527874758693436
6.855779555850967,0.060843031325737866,0.02323712643688181
6.86708339683341,0.06241882206510949,0.02381932267724823
6.8783872378158515,0.05366442906860045,0.020461770170826708
6.889691078798293,0.05786653770692479,0.022045889362904372
6.900994919780736,0.06268145385500476,0.023860701474919543
6.912298760763177,0.05751636198706443,0.02187661671737684
6.923602601745619,0.05760390591702952,0.02189202150903139
6.93490644272806,0.056816010547343705,0.021574981517371798
6.946210283710503,0.054627412298216445,0.020727010391761523
6.957514124692944,0.05602811517765789,0.021241195905977048
6.968817965675386,0.05891706486650588,0.022318322190570745
6.980121806657827,0.05760390591702952,0.021803209696596052
6.99142564764027,0.05436478050832117,0.02056055186046366
7.002729488622711,0.05418969264839099,0.020477786593098728
7.014033329605153,0.05173846260936846,0.019535728322301202
7.025337170587596,0.05051284758985719,0.019057602564390614
7.036641011570037,0.054627412298216445,0.020593394105367844
7.0479448525524795,0.052438814049089184,0.019752479173220382
7.05924869353492,0.055152675878006985,0.020758087925499373
7.070552534517363,0.04718617825118376,0.017745495367973214
7.081856375499804,0.05208863832922882,0.019573543129492683
7.0931602164822465,0.049287232570345924,0.01850608484061196
7.104464057464687,0.04972495222017138,0.018655578196520438
7.11576789844713,0.04797407362086957,0.017984389936306158
7.127071739429571,0.049287232570345924,0.018462005179348945
7.1383755804120135,0.04972495222017138,0.018611212906141202
7.149679421394456,0.0449100360720914,0.016795777752091456
7.160983262376897,0.04832424934072993,0.01805837998373813
7.17228710335934,0.045697931441777216,0.017063483972104783
7.1835909443417805,0.04289652568289432,0.016004839439283377
7.194894785324223,0.04884951292052048,0.018211596273243046
7.206198626306664,0.04070792743376706,0.015164422552092986
7.217502467289107,0.04447231642226595,0.016553745749906666
7.2288063082715475,0.04324670140275468,0.016084949198169354
7.24011014925399,0.04447231642226595,0.01652788050637319
7.251413990236431,0.04272143782296414,0.01586479668279108
7.262717831218874,0.039482312414255795,0.014650518492110961
7.274021672201316,0.04359687712261505,0.016164716274425135
7.285325513183757,0.040795471363732155,0.015114280397669043
7.2966293541662,0.04044529564387179,0.014972932658403859
7.307933195148641,0.03773143381495399,0.013957448196376867
7.319237036131083,0.04158336673341797,0.015370455656076495
7.330540877113524,0.04193354245327833,0.015487935890192997
7.341844718095967,0.039832488134116155,0.014700592462844622
7.353148559078408,0.04044529564387179,0.014915277717059396
7.36445240006085,0.03834424132470962,0.014129601696023565
7.375756241043291,0.03843178525467471,0.01415100489876975
7.387060082025734,0.03571792342575691,0.013141664818459627
7.3983639230081755,0.039657400274185975,0.014579962119741236
7.409667763990617,0.03738125809509362,0.013732656154022553
7.42097160497306,0.03676845058533799,0.013497239189888053
7.432275445955501,0.03352932517662965,0.012298833282849466
7.443579286937943,0.034930028056071094,0.012802890323646132
7.454883127920384,0.034930028056071094,0.012793180128602151
7.466186968902827,0.035455291635861634,0.012975724956145651
7.477490809885268,0.03414213268638528,0.012485694426100044
7.48879465086771,0.033266693386734374,0.012156363401848993
7.500098491850151,0.03335423731669946,0.012179165474851069
7.511402332832594,0.035105115916001274,0.012808842899253346
7.522706173815036,0.03072791941774675,0.011203303612622803
7.534010014797477,0.031165639067572203,0.011354367330162561
7.54531385577992,0.03134072692750238,0.011409599779148565
7.556617696762361,0.03064037548778166,0.01114629049905093
7.5679215377448035,0.03072791941774675,0.01116978580044732
7.579225378727244,0.03169090264736275,0.011511242380513176
7.590529219709687,0.03072791941774675,0.011153139314594572
7.601833060692128,0.0330040615968391,0.011970387927794394
7.6131369016745705,0.03081546334771184,0.011168295144261528
7.624440742657011,0.030290199767921296,0.010969785633138933
7.635744583639454,0.029852480118095846,0.010803257340467179
7.647048424621896,0.03090300727767693,0.011175161907925543
7.6583522656043375,0.025475283619841322,0.00920558427628915
7.66965610658678,0.03177844657732783,0.011474789256130756
7.680959947569221,0.026000547199631865,0.009381553031269965
7.692263788551664,0.029502304398235483,0.010637237481215943
7.7035676295341045,0.029589848328200573,0.01066097166968983
7.714871470516547,0.027576337939003492,0.009928239496683377
7.726175311498988,0.026000547199631865,0.009354061241668874
7.737479152481431,0.029414760468270393,0.010574639486823674
7.7487829934638714,0.027226162219143132,0.009780694153317504
7.760086834446314,0.025562827549806412,0.009176468956133334
7.771390675428755,0.02442475646026024,0.008761548534958157
7.782694516411198,0.025212651829946052,0.009037608714896637
7.79399835739364,0.02451230039022533,0.008780190023885144
7.805302198376081,0.02678844256931768,0.009588542644642185
7.816606039358524,0.026350722919492225,0.009425044783315911
7.827909880340965,0.02363686109057442,0.0084482526722691
7.839213721323407,0.02871440902854967,0.010255660367929277
7.850517562305848,0.022848965720888608,0.008154876744828525
7.861821403288291,0.022498790001028248,0.00802412296252843
7.873125244270732,0.022411246071063158,0.007987160728859553
7.884429085253174,0.020135103891970804,0.007170818811533246
7.895732926235615,0.025212651829946052,0.008972682524216203
7.907036767218058,0.02468738825015551,0.008779469369605912
7.9183406082005,0.023811948950504605,0.008462094155347709
7.929644449182941,0.02372440502053951,0.00842497211786071
7.940948290165384,0.021973526421237705,0.007797647098884047
7.952252131147825,0.022236158211132975,0.007885235796550509
7.963555972130267,0.018909488872459537,0.006700794072693006
7.974859813112708,0.021973526421237705,0.007781050456231826
7.986163654095151,0.020397735681866078,0.007217933175737521
7.997467495077592,0.022936509650853698,0.008110564609847824
8.008771336060034,0.01908457673238972,0.006743720859450516
8.020075177042475,0.019960016032040624,0.007048093652277436
8.031379018024918,0.020135103891970804,0.00710491381173816
8.04268285900736,0.018034049572808634,0.006359058016036016
8.053986699989801,0.020485279611831168,0.007218325169111257
8.065290540972242,0.018821944942494447,0.006627572546072087
8.076594381954685,0.01750878599301809,0.006160867918832185
8.087898222937127,0.017421242063053,0.006125778319309042
8.099202063919568,0.02162335070137734,0.007598045237868403
8.110505904902011,0.017946505642843544,0.006301673928197964
8.121809745884452,0.020747911401726438,0.0072802782603040095
8.133113586866894,0.018734401012529357,0.006569183498509871
8.144417427849337,0.018559313152599177,0.006503271530220248
8.155721268831778,0.016283170973506823,0.005701745068067567
8.167025109814219,0.016108083113576643,0.005636531213811663
8.178328950796661,0.018384225292668994,0.006428550295567721
8.189632791779104,0.018384225292668994,0.006424112220965159
8.200936632761545,0.016020539183611553,0.005594295469296787
8.212240473743986,0.016283170973506823,0.005682090597074702
8.223544314726428,0.01750878599301809,0.006105574233599387
8.234848155708871,0.017421242063053,0.006070875372332795
8.246151996691314,0.01707106634319264,0.005944768982450681
8.257455837673755,0.018734401012529357,0.006519535917438231
8.268759678656195,0.015057555953995558,0.005236417923868282
8.280063519638638,0.015057555953995558,0.0052328423564156025
8.29136736062108,0.014357204514274835,0.004986052052132686
8.302671201603522,0.015845451323681373,0.005499151618345811
8.313975042585962,0.016108083113576643,0.0055864961467395205
8.325278883568405,0.014182116654344653,0.004915205251508909
8.336582724550848,0.01567036346375119,0.005427315113381839
8.347886565533289,0.01707106634319264,0.005908433891066563
8.359190406515731,0.014619836304170106,0.005056620966341864
8.370494247498172,0.01549527560382101,0.005355792638776247
8.381798088480615,0.014269660584309745,0.004928843693864297
8.393101929463057,0.016370714903471913,0.005650753941265971
8.404405770445498,0.016283170973506823,0.005616754951838053
8.415709611427939,0.014794924164100286,0.005099967078599175
8.427013452410382,0.014269660584309745,0.004915602988429272
8.438317293392824,0.014094572724379563,0.004852035716114944
8.449621134375265,0.013656853074554111,0.0046982056080161665
8.460924975357706,0.014882468094065378,0.005116418235133264
8.472228816340149,0.015057555953995558,0.0051731568616666295
8.483532657322591,0.01330667735469375,0.004568580257941791
8.494836498305034,0.012693869844938116,0.00435528449179025
8.506140339287475,0.012956501634833388,0.004442439094087699
8.517444180269916,0.014269660584309745,0.004889438581787484
8.528748021252358,0.01181843054528721,0.004046850543458169
8.540051862234801,0.01348176521462393,0.004613351074898461
8.551355703217242,0.011118079105566487,0.0038020014122528583
8.562659544199683,0.011205623035531579,0.003829408263634534
8.573963385182125,0.011468254825426849,0.003916575673986899
8.585267226164568,0.01173088661532212,0.00400362994000179
8.596571067147009,0.012256150195112664,0.004180145950987991
8.60787490812945,0.011380710895461759,0.0038790146296835185
8.619178749111892,0.01321913342472866,0.00450266920793058
8.630482590094335,0.01173088661532212,0.0039931285974832776
8.641786431076778,0.01181843054528721,0.004020296119260505
8.653090272059218,0.012606325914973026,0.004285513955076802
8.66439411304166,0.010505271595810854,0.0035689312788166317
8.675697954024102,0.01330667735469375,0.004517700280136376
8.687001795006545,0.011205623035531579,0.0038019031796370276
8.698305635988985,0.011293166965496669,0.003829115066620498
8.709609476971426,0.010592815525775946,0.0035893190824669743
8.720913317953869,0.011118079105566487,0.0037648595115592027
8.732217158936312,0.011293166965496669,0.0038216726590666167
8.743520999918752,0.011118079105566487,0.00375998905737064
8.754824840901195,0.008666849066543955,0.0029291222825391264
8.766128681883636,0.011993518405217393,0.00405081757125649
8.777432522866079,0.011293166965496669,0.0038118166203253735
8.788736363848521,0.00971737622612504,0.0032778252696731374
8.800040204830962,0.010505271595810854,0.003541318242861732
8.811344045813403,0.009104568716369407,0.003067173184369713
8.822647886795846,0.007966497626823232,0.0026820567177961454
8.833951727778288,0.009104568716369407,0.003063245944366775
8.845255568760729,0.008404217276648683,0.002825804282737357
8.85655940974317,0.009367200506264679,0.00314758376332653
8.867863250725613,0.009192112646334497,0.0030867811833611494
8.879167091708055,0.008841936926474135,0.0029672989176283402
8.890470932690498,0.00980492015609013,0.0032883775778640824
8.901774773672939,0.009192112646334497,0.00308089598986032
8.91307861465538,0.009454744436229769,0.0031669114900410044
8.924382455637822,0.008404217276648683,0.0028132490762520436
8.935686296620265,0.008316673346683593,0.002782182965487938
8.946990137602706,0.009367200506264679,0.003131636434566386
8.958293978585147,0.008229129416718503,0.0027494209477883003
8.96959781956759,0.009980008016020312,0.0033323023919825533
8.980901660550032,0.008316673346683593,0.002775170520901296
8.992205501532473,0.008491761206613773,0.0028318135881912777
9.003509342514915,0.006915970467242146,0.002304874166604715
9.014813183497356,0.008666849066543955,0.002886575145111418
9.026117024479799,0.010155095875950492,0.00338013112442355
9.037420865462241,0.007791409766893051,0.0025917540847199792
9.048724706444682,0.009104568716369407,0.0030266743079493054
9.060028547427123,0.008141585486753412,0.0027048563426221306
9.071332388409566,0.00954228836619486,0.0031682321482883855
9.082636229392008,0.0070910583271723265,0.00235290881833475
9.09394007037445,0.007791409766893051,0.0025836876036401226
9.10524391135689,0.00770386583692796,0.0025530711545876995
9.116547752339333,0.008579305136578865,0.002841429656141704
9.127851593321775,0.008316673346683593,0.002752741047279711
9.139155434304218,0.007878953696858142,0.00260624666381574
9.150459275286659,0.0070910583271723265,0.0023441727405782114
9.1617631162691,0.006915970467242146,0.0022848810761677044
9.173066957251542,0.008316673346683593,0.0027459483384755005
9.184370798233985,0.006303162957486513,0.0020798586976549416
9.195674639216426,0.006653338677346875,0.0021940566295723094
9.206978480198867,0.006040531167591241,0.001990749271569905
9.21828232118131,0.00577789937769597,0.0019030270957798958
9.229586162163752,0.0070035143972072365,0.0023052865239863224
9.240890003146193,0.005952987237626151,0.0019582947116601338
9.252193844128634,0.006653338677346875,0.0021873449080357468
9.263497685111076,0.008316673346683593,0.00273251242501128
9.274801526093519,0.007266146187102507,0.0023858977013158553
9.286105367075962,0.00770386583692796,0.0025280863709157397
9.297409208058403,0.008054041556788322,0.0026413922125659533
9.308713049040843,0.006740882607311965,0.0022093877539054426
9.320016890023286,0.006915970467242146,0.002265399395941342
9.331320731005729,0.006390706887451603,0.0020920754366571047
9.34262457198817,0.006128075097556332,0.0020048857550107437
9.35392841297061,0.004814916148079975,0.0015743152680135631
9.365232253953053,0.006740882607311965,0.0022027108339717286
9.376536094935496,0.006653338677346875,0.0021727933137845475
9.387839935917937,0.0056028115177657895,0.0018286187757160734
9.39914377690038,0.007353690117067598,0.0023986184965948455
9.41044761788282,0.007266146187102507,0.0023686396251993936
9.421751458865263,0.004814916148079975,0.0015686386319759458
9.433055299847705,0.005252635797905427,0.0017102165267740624
9.444359140830146,0.005427723657835608,0.0017661658431642657
9.455662981812587,0.006478250817416694,0.002106744002074806
9.46696682279503,0.0056903554477308795,0.0018494132631239587
9.478270663777472,0.006303162957486513,0.0020473589061311276
9.489574504759913,0.005515267587800699,0.0017903717570727342
9.500878345742354,0.006478250817416694,0.002101724950270269
9.512182186724797,0.0070910583271723265,0.002299169437365543
9.52348602770724,0.005165091867940337,0.0016737094797410934
9.534789868689682,0.005952987237626151,0.0019278772937739788
9.546093709672123,0.005077547937975246,0.0016433920649925997
9.557397550654564,0.005952987237626151,0.0019255957813844198
9.568701391637006,0.006390706887451603,0.002065962327527899
9.580005232619449,0.006740882607311965,0.0021778797197590876
9.59130907360189,0.005427723657835608,0.0017525837687910764
9.60261291458433,0.006915970467242146,0.0022318161645693414
9.613916755566773,0.004639828288149794,0.0014964138863782224
9.625220596549216,0.0056028115177657895,0.0018059289786139156
9.636524437531657,0.004902460078045065,0.0015792607879432038
9.6478282785141,0.006915970467242146,0.002226580225005441
9.65913211949654,0.006653338677346875,0.002140772798586804
9.670435960478983,0.006040531167591241,0.001942460082701891
9.681739801461426,0.004639828288149794,0.001491163295149209
9.693043642443866,0.0056903554477308795,0.001827718515186619
9.704347483426307,0.006915970467242146,0.0022200868305286147
9.71565132440875,0.0056903554477308795,0.0018255907862753343
9.726955165391193,0.004990004008010156,0.0015999722025371336
9.738259006373633,0.006040531167591241,0.001935684038507522
9.749562847356074,0.0045522843581847034,0.0014579304641182036
9.760866688338517,0.004902460078045065,0.001569169561362074
9.77217052932096,0.005427723657835608,0.0017362897832714354
9.783474370303402,0.004902460078045065,0.0015673554918985329
9.794778211285843,0.005165091867940337,0.0016503678211854452
9.806082052268284,0.0044647404282196134,0.0014257666548976374
9.817385893250727,0.0044647404282196134,0.0014249455971532448
9.82868973423317,0.004114564708359252,0.001312429802816103
9.83999357521561,0.005515267587800699,0.001758203664135239
9.85129741619805,0.0056028115177657895,0.0017850866305079783
9.862601257180494,0.004289652568289433,0.0013659235137848849
9.873905098162936,0.005165091867940337,0.0016437417119810754
9.885208939145377,0.003676845058533799,0.00116945200433499
9.896512780127818,0.005077547937975246,0.0016140349604377028
9.90781662111026,0.0045522843581847034,0.0014462401113671233
9.919120462092703,0.004377196498254523,0.001389822892323455
9.930424303075146,0.003939476848429071,0.0012501284819954788
9.941728144057587,0.00586544330766106,0.0018602439461586477
9.953031985040028,0.004814916148079975,0.001526198521208634
9.96433582602247,0.004114564708359252,0.0013034660339326775
9.975639667004913,0.004814916148079975,0.0015244681368413338
9.986943507987354,0.0044647404282196134,0.0014127975016754405
9.998247348969795,0.005077547937975246,0.001605802367994434
10.009551189952237,0.005340179727870518,0.0016879072217308654
10.02085503093468,0.004289652568289433,0.0013550949572469376
10.03215887191712,0.0033266693386734374,0.0010502977492901529
10.043462712899563,0.003676845058533799,0.0011602019562241043
10.054766553882004,0.004639828288149794,0.0014632411714810619
10.066070394864447,0.005340179727870518,0.0016831619010627998
10.07737423584689,0.005427723657835608,0.0017097949688444213
10.08867807682933,0.00385193291846398,0.00121272291307034
10.099981917811771,0.00385193291846398,0.0012120440868693377
10.111285758794214,0.004377196498254523,0.0013765527265002324
10.122589599776656,0.004902460078045065,0.001540877987400483
10.133893440759097,0.005252635797905427,0.001650019673824292
10.145197281741538,0.004289652568289433,0.0013467651524000277
10.15650112272398,0.005077547937975246,0.0015932428270359494
10.167804963706423,0.0056903554477308795,0.001784537965505799
10.179108804688866,0.004027020778394161,0.0012622023725404588
10.190412645671307,0.00385193291846398,0.0012066542031902243
10.201716486653748,0.0031515814787432565,0.0009867154184361377
10.21302032763619,0.004202108638324342,0.0013148922874145859
10.224324168618633,0.005165091867940337,0.001615328089054908
10.235628009601074,0.004114564708359252,0.0012860760471638264
10.246931850583515,0.004114564708359252,0.0012853664879113789
10.258235691565957,0.004377196498254523,0.001366657555114332
10.2695395325484,0.0037643889884988895,0.001174678469825261
10.28084337353084,0.004990004008010156,0.0015562756523413658
10.292147214513284,0.004114564708359252,0.0012825399501576237
10.303451055495724,0.0037643889884988895,0.0011727437798437817
10.314754896478167,0.0028014057588828948,0.0008722612125478808
10.32605873746061,0.004377196498254523,0.0013621619588700836
10.33736257844305,0.0031515814787432565,0.0009802202381229976
10.348666419425491,0.002888949688847985,0.0008980443495084022
10.359970260407934,0.0033266693386734374,0.00103354735772781
10.371274101390377,0.0031515814787432565,0.0009786163860999995
10.382577942372818,0.0037643889884988895,0.001168266421550679
10.393881783355258,0.003676845058533799,0.001140476767328567
10.405185624337701,0.0029764936188130756,0.0009227414710827549
10.416489465320144,0.0037643889884988895,0.0011663631896245454
10.427793306302586,0.0035893011285687087,0.001111510803828754
10.439097147285027,0.002713861828917804,0.0008399554706652369
10.450400988267468,0.003414213268638528,0.0010561465102080954
10.46170482924991,0.002888949688847985,0.0008931795014270657
10.473008670232353,0.0028014057588828948,0.0008656459182671749
10.484312511214794,0.003239125408708347,0.001000363377080663
10.495616352197235,0.0029764936188130756,0.0009187576792630715
10.506920193179678,0.0029764936188130756,0.0009182633248128266
10.51822403416212,0.003064037548778166,0.0009447629959499967
10.529527875144561,0.002363686109057442,0.00072842585704477
10.540831716127004,0.0026263178989527135,0.0008089279726769348
10.552135557109445,0.0026263178989527135,0.0008084945796789486
10.563439398091887,0.00385193291846398,0.001185157427699067
10.57474323907433,0.0029764936188130756,0.0009153138632591647
10.58604708005677,0.0033266693386734374,0.001022451519844834
10.597350921039212,0.0021885982491272613,0.0006723066229438484
10.608654762021654,0.0033266693386734374,0.001021361485931699
10.619958603004097,0.0029764936188130756,0.0009133632720954447
10.631262443986538,0.003064037548778166,0.0009397269099951204
10.642566284968979,0.0031515814787432565,0.0009660627967250583
10.653870125951421,0.0035017571986036182,0.0010728335117264364
10.665173966933864,0.00192596645923199,0.0005897456519780794
10.676477807916305,0.0021885982491272613,0.0006698106470186017
10.687781648898747,0.003239125408708347,0.0009907953884645746
10.699085489881188,0.002538773968987623,0.0007761590180175712
10.71038933086363,0.0031515814787432565,0.0009629991649191212
10.721693171846074,0.002538773968987623,0.0007753402846483283
10.732997012828514,0.0021885982491272613,0.0006680447313516161
10.744300853810955,0.0022761421790923517,0.0006944009501933119
10.755604694793398,0.0029764936188130756,0.0009075854812355535
10.76690853577584,0.002713861828917804,0.000827069909773268
10.778212376758281,0.0021885982491272613,0.0006666420112078631
10.789516217740722,0.0028014057588828948,0.0008528546683293349
10.800820058723165,0.002363686109057442,0.000719219473078771
10.812123899705607,0.0022761421790923517,0.0006922195805618666
10.82342774068805,0.0021885982491272613,0.0006652480901610709
10.834731581670491,0.0015757907393716282,0.0004787287012752062
10.846035422652932,0.002888949688847985,0.0008772118088167414
10.857339263635374,0.00192596645923199,0.0005845033643892253
10.868643104617817,0.0016633346693367187,0.0005045357862171095
10.879946945600258,0.0022761421790923517,0.0006900586400737901
10.891250786582699,0.00192596645923199,0.0005835926860417047
10.902554627565141,0.0022761421790923517,0.0006893428114163105
10.913858468547584,0.0015757907393716282,0.0004769901217792782
10.925162309530025,0.0016633346693367187,0.0005032290350297542
10.936466150512468,0.00192596645923199,0.0005823850433899925
10.947769991494908,0.0010505271595810854,0.00031750052853812973
10.959073832477351,0.0018384225292668996,0.0005553392981880947
10.970377673459794,0.0022761421790923517,0.0006872086180236362
10.981681514442235,0.0018384225292668996,0.0005547673729094999
10.992985355424675,0.0017508785993018091,0.0005280781639118505
11.004289196407118,0.0020135103891970804,0.0006069778977826868
11.01559303738956,0.0014007028794414474,0.00042202879125010034
11.026896878372002,0.0014882468094065378,0.0004481756980499752
11.038200719354442,0.0021885982491272613,0.000658744350918979
11.049504560336885,0.0020135103891970804,0.0006057347261800642
11.060808401319328,0.0014882468094065378,0.00044748813584804864
11.07211224230177,0.0016633346693367187,0.0004998784331338285
11.083416083284211,0.0015757907393716282,0.00047332748666365637
11.094719924266652,0.002363686109057442,0.0007096294510012966
11.106023765249095,0.0015757907393716282,0.00047284548298805976
11.117327606231537,0.0008754392996509046,0.000262558351493758
11.128631447213978,0.0011380710895461759,0.0003411524630485816
11.139935288196419,0.0016633346693367187,0.000498354409973728
11.151239129178862,0.0011380710895461759,0.00034080646654673536
11.162542970161304,0.0014882468094065378,0.0004454442818644675
11.173846811143745,0.0010505271595810854,0.00031427217290031114
11.185150652126188,0.000962983229615995,0.0002879372184648799
11.196454493108629,0.0012256150195112663,0.0003662805138766712
11.207758334091071,0.0015757907393716282,0.00047069454469536137
11.219062175073514,0.0007003514397207237,0.0002090921596536182
11.230366016055955,0.0010505271595810854,0.0003134803546279958
11.241669857038396,0.0011380710895461759,0.00033943293363687536
11.252973698020838,0.0014007028794414474,0.0004175537318874751
11.264277539003281,0.0011380710895461759,0.0003390921374328381
11.275581379985722,0.0011380710895461759,0.0003389221238160176
11.286885220968163,0.0006128075097556331,0.00018240511997438618
11.298189061950605,0.0007003514397207237,0.0002083586845204853
11.309492902933048,0.0014882468094065378,0.0004425408788213415
11.320796743915489,0.0012256150195112663,0.0003642634343854434
11.332100584897931,0.0010505271595810854,0.0003120700384571425
11.343404425880372,0.0008754392996509046,0.00025992875741607125
11.354708266862815,0.0014007028794414474,0.00041567894886464576
11.366012107845258,0.000962983229615995,0.00028563713394975406
11.377315948827698,0.000962983229615995,0.0002854952024458607
11.38861978981014,0.0007878953696858141,0.00023347103097833157
11.399923630792582,0.0005252635797905427,0.00015557016709561767
11.411227471775025,0.0007878953696858141,0.00023323964238731277
11.422531312757465,0.0011380710895461759,0.0003367349639104506
11.433835153739906,0.0012256150195112663,0.000362458351748273
11.445138994722349,0.0007003514397207237,0.0002070167518584529
11.456442835704792,0.0007003514397207237,0.00020691459702772803
11.467746676687234,0.000962983229615995,0.00028436731575502743
11.479050517669675,0.0012256150195112663,0.00036174379540669036
11.490354358652116,0.0007878953696858141,0.000232435167215644
11.501658199634559,0.0007878953696858141,0.00023232092038288026
11.512962040617001,0.0010505271595810854,0.0003096091224652394
11.524265881599442,0.0007003514397207237,0.00020630482773421446
11.535569722581883,0.0007878953696858141,0.00023197918802768077
11.546873563564326,0.0004377196498254523,0.00012881422884390188
11.558177404546768,0.0006128075097556331,0.00018025171302945965
11.569481245529209,0.0010505271595810854,0.0003088519456837088
11.580785086511652,0.0007003514397207237,0.00020580078391310366
11.592088927494093,0.0007003514397207237,0.00020570041776038343
11.603392768476535,0.0007878953696858141,0.00023130022309433308
11.614696609458978,0.0007003514397207237,0.00020550012519315766
11.626000450441419,0.0008754392996509046,0.0002567502475822908
11.63730429142386,0.000962983229615995,0.00028228807278307173
11.648608132406302,0.0006128075097556331,0.00017955068280694315
11.659911973388745,0.000962983229615995,0.00028201427245406373
11.671215814371186,0.0010505271595810854,0.0003075029135079582
11.682519655353627,0.0005252635797905427,0.0001536770548833006
11.69382349633607,0.0006128075097556331,0.00017920322107289487
11.705127337318512,0.0006128075097556331,0.0001791166703694291
11.716431178300954,0.0007003514397207237,0.00020460599422910612
11.727735019283395,0.000962983229615995,0.00028119762709350387
11.739038860265836,0.0007878953696858141,0.00022995998840471673
11.750342701248279,0.0005252635797905427,0.00015323290061662685
11.761646542230721,0.000962983229615995,0.0002807919558645882
11.772950383213162,0.000962983229615995,0.00028065712178436966
11.784254224195603,0.0007878953696858141,0.00022951839416447128
11.795558065178046,0.0007878953696858141,0.00022940839253142656
11.806861906160488,0.00035017571986036185,0.00010191046618172557
11.81816574714293,0.0006128075097556331,0.00017825800449248864
11.829469588125372,0.0007878953696858141,0.00022907933418486002
11.840773429107813,0.0005252635797905427,0.00015264664155421236
11.852077270090255,0.0006128075097556331,0.00017800280320988735
11.863381111072698,0.0005252635797905427,0.00015250112518028428
11.874684952055139,0.0007003514397207237,0.00020323803050534874
11.88598879303758,0.0004377196498254523,0.00012696335347666277
11.897292634020022,0.0007878953696858141,0.00022842544321966505
11.908596475002465,0.0005252635797905427,0.00015221133655704793
11.919900315984906,0.0006128075097556331,0.0001774956716858683
11.931204156967347,0.0007878953696858141,0.0002281005905643464
11.94250799794979,0.0007878953696858141,0.00022799261394737807
11.953811838932232,0.0006128075097556331,0.0001772437259638594
11.965115679914673,0.0006128075097556331,0.0001771599821718169
11.976419520897116,0.0006128075097556331,0.000177076356969059
11.987723361879556,0.0007003514397207237,0.00020227754294395423
11.999027202861999,0.0006128075097556331,0.00017690946121381608
12.010331043844442,0.00026263178989527136,7.578265290207523e-05
12.021634884826883,0.00026263178989527136,7.574701563092889e-05
12.032938725809323,0.0007878953696858141,0.0002271342857654974
12.044242566791766,0.0006128075097556331,0.0001765770805327803
12.055546407774209,0.0008754392996509046,0.0002521346823955194
12.06685024875665,0.0004377196498254523,0.00012600827942773542
12.07815408973909,0.0004377196498254523,0.00012594930059022983
12.089457930721533,0.0005252635797905427,0.00015106848538960733
12.100761771703976,0.0006128075097556331,0.00017616422731291285
12.112065612686418,0.0004377196498254523,0.00012577285973695826
12.12336945366886,0.0007003514397207237,0.00020114273711491264
12.1346732946513,0.00035017571986036185,0.00010052451490079864
12.145977135633743,0.0004377196498254523,0.00012559715833373254
12.157280976616185,0.0004377196498254523,0.00012553875462988467
12.168584817598626,0.0004377196498254523,0.0001254804323249345
12.179888658581067,0.00026263178989527136,7.525331473798657e-05
12.19119249956351,0.00035017571986036185,0.00010029122492537827
12.202496340545952,0.0008754392996509046,0.00025061190383497906
12.213800181528393,0.00035017571986036185,0.00010019836266016417
12.225104022510836,0.0007878953696858141,0.0002253420633481252
12.236407863493277,0.00035017571986036185,0.00010010575786897494
12.24771170447572,0.0004377196498254523,0.00012507443956838915
12.259015545458162,0.0004377196498254523,0.00012501676170524902
12.270319386440603,0.0007003514397207237,0.00019993466170036545
12.281623227423044,0.00017508785993018092,4.996065798294026e-05
12.292927068405486,0.00035017571986036185,9.987536456498373e-05
12.304230909387929,0.0005252635797905427,0.00014974421475248104
12.31553475037037,0.0007003514397207237,0.00019956730326104355
12.32683859135281,0.0004377196498254523,0.00012467236225835492
12.338142432335253,0.00017508785993018092,4.984609544285111e-05
12.349446273317696,0.0007878953696858141,0.00022420474812810272
12.360750114300139,0.0005252635797905427,0.00014940147176529967
12.37205395528258,0.0005252635797905427,0.00014933320515366364
12.38335779626502,0.0005252635797905427,0.00014926503203659632
12.394661637247463,0.00026263178989527136,7.459847610044156e-05
12.405965478229906,0.0005252635797905427,0.00014912896543398964
12.417269319212346,0.00035017571986036185,9.937404768270582e-05
12.428573160194787,0.00035017571986036185,9.932884683993855e-05
12.43987700117723,0.00026263178989527136,7.446278071551308e-05
12.451180842159673,0.0006128075097556331,0.000173667602298834
12.462484683142113,0.0004377196498254523,0.00012399201686697498
12.473788524124556,0.0005252635797905427,0.0001487229874609082
12.485092365106997,0.0004377196498254523,0.00012387970523444655
12.49639620608944,0.00035017571986036185,9.905893099630675e-05
12.507700047071882,0.0006128075097556331,0.00017327477754270116
12.519003888054323,0.0007878953696858141,0.0002226812554099541
12.530307729036764,0.00035017571986036185,9.892479561860177e-05
12.541611570019207,0.00035017571986036185,9.8880204768638e-05
12.55291541100165,0.0006128075097556331,0.0001729624297852782
12.56421925198409,0.0006128075097556331,0.0001728846064158558
12.575523092966531,0.00017508785993018092,4.937339657154662e-05
12.586826933948974,0.0005252635797905427,0.0001480536636885064
12.598130774931416,0.00035017571986036185,9.86581514796779e-05
12.609434615913857,0.00026263178989527136,7.396044005345769e-05
12.6207384568963,0.00017508785993018092,4.9284874050191915e-05
12.63204229787874,0.00026263178989527136,7.389422657549926e-05
12.643346138861183,0.00017508785993018092,4.924079096976958e-05
12.654649979843626,0.0,0.0
12.665953820826067,0.00035017571986036185,9.839365193813242e-05
12.677257661808508,8.754392996509046e-05,2.4587443792021317e-05
12.68856150279095,0.00035017571986036185,9.830595704375923e-05
12.699865343773393,0.00035017571986036185,9.826219743462742e-05
12.711169184755834,0.00017508785993018092,4.910924810528466e-05
12.722473025738275,0.00017508785993018092,4.908742662093456e-05
12.733776866720717,0.00026263178989527136,7.359845129941061e-05
12.74508070770316,0.00017508785993018092,4.904387077684661e-05
12.756384548685602,0.0006128075097556331,0.00017157747700939128
12.767688389668043,0.00026263178989527136,7.350064600530499e-05
12.778992230650484,0.00026263178989527136,7.346813078760885e-05
12.790296071632927,8.754392996509046e-05,2.4478552894672345e-05
12.80159991261537,0.00017508785993018092,4.893548639955593e-05
12.81290375359781,0.00017508785993018092,4.891389562577186e-05
12.824207594580251,0.00035017571986036185,9.778466680983991e-05
12.835511435562694,0.00026263178989527136,7.330619951118317e-05
12.846815276545136,0.0004377196498254523,0.00012212323592673493
12.858119117527577,0.00026263178989527136,7.324172614821605e-05
12.86942295851002,8.754392996509046e-05,2.4403184398086495e-05
12.88072679949246,0.0005252635797905427,0.00014635484520201866
12.892030640474903,0.00026263178989527136,7.31453342755897e-05
12.903334481457346,0.00035017571986036185,9.748438416721265e-05
12.914638322439787,8.754392996509046e-05,2.43604280193871e-05
12.925942163422228,0.0004377196498254523,0.0001217488699697006
12.93724600440467,0.0004377196498254523,0.00012169566967440556
12.948549845387113,0.0005252635797905427,0.00014597104687033463
12.959853686369554,0.0004377196498254523,0.00012158947797034775
12.971157527351995,8.754392996509046e-05,2.430729725162062e-05
12.982461368334437,8.754392996509046e-05,2.4296712754166183e-05
12.99376520931688,8.754392996509046e-05,2.4286142071588785e-05
13.005069050299323,0.00017508785993018092,4.855117034772521e-05
13.016372891281764,0.00035017571986036185,9.706016812421242e-05
13.027676732264204,8.754392996509046e-05,2.425451261331669e-05
13.038980573246647,0.00035017571986036185,9.697598756360129e-05
13.05028441422909,0.00035017571986036185,9.693397933656474e-05
13.06158825521153,0.00026263178989527136,7.266901924039898e-05
13.072892096193971,8.754392996509046e-05,2.4212531599392332e-05
13.084195937176414,0.00035017571986036185,9.680828145009972e-05
13.095499778158857,0.00026263178989527136,7.257486802067605e-05
13.106803619141298,0.00035017571986036185,9.672475401310661e-05
13.11810746012374,8.754392996509046e-05,2.417076782255e-05
13.129411301106181,0.00017508785993018092,4.832072120467541e-05
13.140715142088624,0.00017508785993018092,4.82999336273724e-05
13.152018983071066,8.754392996509046e-05,2.413958642772902e-05
13.163322824053507,0.00017508785993018092,4.8258438831372984e-05
13.174626665035948,0.0,0.0
13.18593050601839,8.754392996509046e-05,2.4108525398658567e-05
13.197234347000833,0.00026263178989527136,7.229459500963412e-05
13.208538187983274,0.00017508785993018092,4.8175769068175794e-05
13.219842028965715,0.00017508785993018092,4.815516792587473e-05
13.231145869948158,8.754392996509046e-05,2.4067296594827127e-05
13.2424497109306,0.00017508785993018092,4.811404480315132e-05
13.253753551913043,0.00017508785993018092,4.8093522710171176e-05
13.265057392895484,8.754392996509046e-05,2.4036513427343357e-05
13.276361233877925,8.754392996509046e-05,2.40262785904189e-05
13.287665074860367,8.754392996509046e-05,2.401605681646534e-05
13.29896891584281,8.754392996509046e-05,2.4005848077718655e-05
13.31027275682525,8.754392996509046e-05,2.3995652346497364e-05
13.321576597807692,8.754392996509046e-05,2.398546959520222e-05
13.332880438790134,8.754392996509046e-05,2.3975299796315885e-05
13.344184279772577,8.754392996509046e-05,2.396514292240262e-05
13.355488120755018,0.00026263178989527136,7.186499683832396e-05
13.366791961737459,0.00026263178989527136,7.183460352047557e-05
13.378095802719901,8.754392996509046e-05,2.393474957736145e-05
13.389399643702344,8.754392996509046e-05,2.3924644130604327e-05
13.400703484684787,0.00017508785993018092,4.7829102945709614e-05
13.412007325667227,0.0,0.0
13.423311166649668,0.0,0.0
13.434615007632111,0.00017508785993018092,4.7768699929045685e-05
13.445918848614554,0.00017508785993018092,4.7748616388141575e-05
13.457222689596994,8.754392996509046e-05,2.3864279078654887e-05
13.468526530579435,8.754392996509046e-05,2.385426259171683e-05
13.479830371561878,0.00017508785993018092,4.768851741355253e-05
13.49113421254432,8.754392996509046e-05,2.3834267397430508e-05
13.502438053526761,0.00035017571986036185,9.529715454941705e-05
13.513741894509204,0.0,0.0
13.525045735491645,0.00017508785993018092,4.760873732018851e-05
13.536349576474088,0.00017508785993018092,4.758885478128833e-05
13.54765341745653,0.00035017571986036185,9.513799426372146e-05
13.558957258438971,0.0004377196498254523,0.0001188729108000505
13.570261099421412,0.0,0.0
13.581564940403855,0.0,0.0
13.592868781386297,8.754392996509046e-05,2.3744907196716093e-05
13.604172622368738,0.00017508785993018092,4.7470080416102486e-05
13.615476463351179,0.0,0.0
13.626780304333622,0.0,0.0
13.638084145316064,8.754392996509046e-05,2.3705512881411732e-05
13.649387986298507,8.754392996509046e-05,2.369569490091963e-05
13.660691827280948,0.00017508785993018092,4.737177821821369e-05
13.671995668263389,0.00017508785993018092,4.735219096154908e-05
13.683299509245831,0.0,0.0
13.694603350228274,8.754392996509046e-05,2.3656544614120086e-05
13.705907191210715,0.00017508785993018092,4.729357465152709e-05
13.717211032193156,8.754392996509046e-05,2.3637042100818143e-05
13.728514873175598,0.0,0.0
13.73981871415804,0.00017508785993018092,4.723517548376728e-05
13.751122555140482,0.00026263178989527136,7.08236356753036e-05
13.762426396122924,8.754392996509046e-05,2.359818133947604e-05
13.773730237105365,0.0,0.0
13.785034078087808,0.0,0.0
13.79633791907025,0.0,0.0
13.807641760052691,0.00017508785993018092,4.71190232371029e-05
13.818945601035132,0.0,0.0
13.830249442017575,0.0,0.0
13.841553283000017,0.0,0.0
13.852857123982458,8.754392996509046e-05,2.3521031377891527e-05
13.8641609649649,0.0,0.0
13.875464805947342,8.754392996509046e-05,2.350186182998178e-05
13.886768646929784,0.00017508785993018092,4.698458923065044e-05
13.898072487912227,8.754392996509046e-05,2.3482739075122977e-05
13.909376328894668,8.754392996509046e-05,2.3473195185651313e-05
13.920680169877109,8.754392996509046e-05,2.3463662923253918e-05
13.931984010859551,0.0,0.0
13.943287851841994,0.00017508785993018092,4.6889266370784816e-05
13.954591692824435,0.0,0.0
13.965895533806876,8.754392996509046e-05,2.3425649673627412e-05
13.977199374789318,8.754392996509046e-05,2.341617519409989e-05
13.988503215771761,8.754392996509046e-05,2.3406712201111267e-05
13.999807056754202,0.0,0.0
14.011110897736643,8.754392996509046e-05,2.3387820582051932e-05
14.022414738719085,8.754392996509046e-05,2.337839190979532e-05
14.033718579701528,0.0,0.0
14.04502242068397,0.00026263178989527136,7.007870617455453e-05
14.056326261666412,8.754392996509046e-05,2.335017416636786e-05
14.067630102648852,8.754392996509046e-05,2.3340790933452766e-05
14.078933943631295,0.0,0.0
14.090237784613738,0.0,0.0
14.101541625596179,8.754392996509046e-05,2.331270896106244e-05
14.11284546657862,8.754392996509046e-05,2.330337080368356e-05
14.124149307561062,0.0,0.0
14.135453148543505,0.0,0.0
14.146756989525946,8.754392996509046e-05,2.3275423517030104e-05
14.158060830508388,0.0,0.0
14.169364671490829,0.0,0.0
14.180668512473272,0.0,0.0
14.191972353455714,0.0,0.0
14.203276194438155,8.754392996509046e-05,2.3229067319815965e-05
14.214580035420596,0.0,0.0
14.225883876403039,0.0,0.0
14.237187717385481,0.0,0.0
14.248491558367922,0.0,0.0
14.259795399350363,0.0,0.0
14.271099240332806,0.0,0.0
14.282403081315248,8.754392996509046e-05,2.3164631502709175e-05
14.293706922297691,0.00017508785993018092,4.6310940179704525e-05
14.305010763280132,0.0,0.0
14.316314604262573,0.0,0.0
14.327618445245015,0.0,0.0
14.338922286227458,0.0,0.0
14.350226127209899,8.754392996509046e-05,2.3109825515426987e-05
14.36152996819234,0.0,0.0
14.372833809174782,0.0,0.0
14.384137650157225,0.0,0.0
14.395441491139666,0.0,0.0
14.406745332122108,8.754392996509046e-05,2.3064449807963993e-05
14.41804917310455,8.754392996509046e-05,2.3055406698497405e-05
14.429353014086992,0.0,0.0
14.440656855069435,0.0,0.0
14.451960696051875,0.0,0.0
14.463264537034316,0.0,0.0
14.474568378016759,0.0,0.0
14.485872218999202,0.0,0.0
14.497176059981642,0.0,0.0
14.508479900964083,8.754392996509046e-05,2.2983442709601668e-05
14.519783741946526,8.754392996509046e-05,2.2974494512762764e-05
14.531087582928969,0.0,0.0
14.542391423911411,0.0,0.0
14.553695264893852,0.0,0.0
14.564999105876293,0.0,0.0
14.576302946858736,8.754392996509046e-05,2.2929909773456982e-05
14.587606787841178,8.754392996509046e-05,2.2921023933257607e-05
14.598910628823619,0.0,0.0
14.61021446980606,0.0,0.0
14.621518310788503,0.0,0.0
14.632822151770945,0.0,0.0
14.644125992753386,0.0,0.0
14.655429833735827,0.0,0.0
14.66673367471827,0.0,0.0
14.678037515700712,0.0,0.0
14.689341356683155,0.0,0.0
14.700645197665596,0.0,0.0
14.711949038648036,8.754392996509046e-05,2.2823956600784986e-05
14.72325287963048,0.0,0.0
14.734556720612922,0.0,0.0
14.745860561595363,0.0,0.0
14.757164402577803,0.0,0.0
14.768468243560246,0.0,0.0
14.779772084542689,0.0,0.0
14.79107592552513,0.0,0.0
14.802379766507572,0.0,0.0
14.813683607490013,0.0,0.0
14.824987448472456,0.0,0.0
14.836291289454898,0.0,0.0
14.84759513043734,0.0,0.0
14.85889897141978,0.0,0.0
14.870202812402223,0.0,0.0
14.881506653384665,0.0,0.0
14.892810494367106,0.0,0.0
14.904114335349547,0.0,0.0
14.91541817633199,8.754392996509046e-05,2.266774517627334e-05
14.926722017314432,0.0,0.0
14.938025858296875,0.0,0.0
14.949329699279316,8.754392996509046e-05,2.2642020471360648e-05
14.960633540261757,0.0,0.0
14.9719373812442,0.0,0.0
14.983241222226642,0.0,0.0
14.994545063209083,0.0,0.0
15.005848904191524,0.0,0.0
15.017152745173966,0.0,0.0
15.028456586156409,0.0,0.0
15.03976042713885,0.0,0.0
15.051064268121292,0.0,0.0
15.062368109103733,0.0,0.0
15.073671950086176,0.0,0.0
15.084975791068619,0.0,0.0
15.09627963205106,0.0,0.0
15.1075834730335,0.0,0.0
15.118887314015943,0.0,0.0
15.130191154998386,0.0,0.0
15.141494995980826,0.0,0.0
15.152798836963267,0.0,0.0
15.16410267794571,0.0,0.0
15.175406518928153,0.0,0.0
15.186710359910595,0.0,0.0
15.198014200893036,0.0,0.0
15.209318041875477,0.0,0.0
15.22062188285792,0.0,0.0
15.231925723840362,0.0,0.0
15.243229564822803,0.0,0.0
15.254533405805244,0.0,0.0
15.265837246787687,0.0,0.0
15.27714108777013,0.0,0.0
15.28844492875257,0.0,0.0
15.299748769735013,0.0,0.0
15.311052610717454,0.0,0.0
15.322356451699896,0.0,0.0
15.333660292682339,0.0,0.0
15.34496413366478,0.0,0.0
15.35626797464722,0.0,0.0
15.367571815629663,0.0,0.0
15.378875656612106,0.0,0.0
15.390179497594547,0.0,0.0
15.401483338576988,0.0,0.0
15.41278717955943,0.0,0.0
15.424091020541873,0.0,0.0
15.435394861524314,0.0,0.0
15.446698702506756,0.0,0.0
15.458002543489197,0.0,0.0
15.46930638447164,0.0,0.0
15.480610225454082,0.0,0.0
15.491914066436523,0.0,0.0
15.503217907418964,0.0,0.0
15.514521748401407,0.0,0.0
15.52582558938385,0.0,0.0
15.53712943036629,0.0,0.0
15.548433271348731,0.0,0.0
15.559737112331174,0.0,0.0
15.571040953313616,0.0,0.0
15.58234479429606,0.0,0.0
15.5936486352785,0.0,0.0
15.60495247626094,0.0,0.0
15.616256317243383,0.0,0.0
15.627560158225826,0.0,0.0
15.638863999208267,0.0,0.0
15.650167840190708,0.0,0.0
15.66147168117315,0.0,0.0
15.672775522155593,0.0,0.0
15.684079363138034,0.0,0.0
15.695383204120477,0.0,0.0
15.706687045102917,0.0,0.0
15.71799088608536,0.0,0.0
15.729294727067803,0.0,0.0
15.740598568050244,0.0,0.0
15.751902409032684,0.0,0.0
15.763206250015127,0.0,0.0
15.77451009099757,0.0,0.0
15.78581393198001,0.0,0.0
15.797117772962451,0.0,0.0
15.808421613944894,0.0,0.0
15.819725454927337,0.0,0.0
15.83102929590978,0.0,0.0
15.84233313689222,0.0,0.0
15.853636977874661,0.0,0.0
15.864940818857104,0.0,0.0
15.876244659839546,0.0,0.0
15.887548500821987,0.0,0.0
15.898852341804428,0.0,0.0
15.91015618278687,0.0,0.0
15.921460023769313,0.0,0.0
15.932763864751754,0.0,0.0
15.944067705734197,0.0,0.0
15.955371546716638,0.0,0.0
15.96667538769908,0.0,0.0
15.977979228681523,0.0,0.0
15.989283069663964,0.0,0.0
16.000586910646405,0.0,0.0
16.011890751628847,0.0,0.0
16.02319459261129,0.0,0.0
16.034498433593733,0.0,0.0
16.04580227457617,0.0,0.0
16.057106115558614,0.0,0.0
16.068409956541057,0.0,0.0
16.0797137975235,0.0,0.0
16.09101763850594,0.0,0.0
16.10232147948838,0.0,0.0
16.113625320470824,0.0,0.0
16.124929161453267,0.0,0.0
16.13623300243571,0.0,0.0
16.14753684341815,0.0,0.0
16.15884068440059,0.0,0.0
16.170144525383034,0.0,0.0
16.181448366365473,0.0,0.0
16.192752207347915,0.0,0.0
16.204056048330358,0.0,0.0
16.2153598893128,0.0,0.0
16.226663730295243,0.0,0.0
16.237967571277686,0.0,0.0
16.249271412260125,0.0,0.0
16.260575253242568,0.0,0.0
16.27187909422501,0.0,0.0
16.28318293520745,0.0,0.0
16.294486776189892,0.0,0.0
16.305790617172335,0.0,0.0
16.317094458154777,0.0,0.0
16.32839829913722,0.0,0.0
16.339702140119662,0.0,0.0
16.3510059811021,0.0,0.0
16.362309822084544,0.0,0.0
16.373613663066987,0.0,0.0
16.384917504049426,0.0,0.0
16.39622134503187,0.0,0.0
16.40752518601431,0.0,0.0
16.418829026996754,0.0,0.0
16.430132867979196,0.0,0.0
16.441436708961636,0.0,0.0
16.452740549944078,0.0,0.0
16.46404439092652,0.0,0.0
16.475348231908963,0.0,0.0
16.486652072891403,0.0,0.0
16.497955913873845,0.0,0.0
16.509259754856288,0.0,0.0
16.52056359583873,0.0,0.0
16.531867436821173,0.0,0.0
16.543171277803612,0.0,0.0
16.554475118786055,0.0,0.0
16.565778959768497,0.0,0.0
16.577082800750937,0.0,0.0
16.58838664173338,0.0,0.0
16.599690482715822,0.0,0.0
16.610994323698264,0.0,0.0
16.622298164680707,0.0,0.0
16.63360200566315,0.0,0.0
16.64490584664559,0.0,0.0
16.65620968762803,0.0,0.0
16.667513528610474,0.0,0.0
16.678817369592913,0.0,0.0
16.690121210575356,0.0,0.0
16.7014250515578,0.0,0.0
16.71272889254024,0.0,0.0
16.724032733522684,0.0,0.0
16.735336574505126,0.0,0.0
16.746640415487565,0.0,0.0
16.757944256470008,0.0,0.0
16.76924809745245,0.0,0.0
16.78055193843489,0.0,0.0
16.791855779417332,0.0,0.0
16.803159620399775,0.0,0.0
16.814463461382218,0.0,0.0
16.82576730236466,0.0,0.0
16.8370711433471,0.0,0.0
16.848374984329542,0.0,0.0
16.859678825311985,0.0,0.0
16.870982666294427,0.0,0.0
16.882286507276866,0.0,0.0
16.89359034825931,0.0,0.0
16.90489418924175,0.0,0.0
16.916198030224194,0.0,0.0
16.927501871206637,0.0,0.0
16.938805712189076,0.0,0.0
16.95010955317152,0.0,0.0
16.96141339415396,0.0,0.0
16.972717235136404,0.0,0.0
16.984021076118843,0.0,0.0
16.995324917101286,0.0,0.0
17.00662875808373,0.0,0.0
17.01793259906617,0.0,0.0
17.029236440048614,0.0,0.0
17.040540281031053,0.0,0.0
17.051844122013495,0.0,0.0
17.063147962995938,0.0,0.0
17.074451803978377,0.0,0.0
17.08575564496082,0.0,0.0
17.097059485943262,0.0,0.0
17.108363326925705,0.0,0.0
17.119667167908148,0.0,0.0
17.13097100889059,0.0,0.0
17.14227484987303,0.0,0.0
17.153578690855472,0.0,0.0
17.164882531837915,0.0,0.0
17.176186372820354,0.0,0.0
17.187490213802796,0.0,0.0
17.19879405478524,0.0,0.0
17.21009789576768,0.0,0.0
17.221401736750124,0.0,0.0
17.232705577732563,0.0,0.0
17.244009418715006,0.0,0.0
17.25531325969745,0.0,0.0
17.26661710067989,0.0,0.0
17.27792094166233,0.0,0.0
17.289224782644773,0.0,0.0
17.300528623627216,0.0,0.0
17.311832464609658,0.0,0.0
17.3231363055921,0.0,0.0
17.33444014657454,0.0,0.0
17.345743987556983,0.0,0.0
17.357047828539425,0.0,0.0
17.368351669521868,0.0,0.0
17.379655510504307,0.0,0.0
17.39095935148675,0.0,0.0
17.402263192469192,0.0,0.0
17.413567033451635,0.0,0.0
17.424870874434077,0.0,0.0
17.436174715416517,0.0,0.0
17.44747855639896,0.0,0.0
17.458782397381402,0.0,0.0
17.47008623836384,0.0,0.0
17.481390079346284,0.0,0.0
17.492693920328726,0.0,0.0
17.50399776131117,0.0,0.0
17.51530160229361,0.0,0.0
17.526605443276054,0.0,0.0
17.537909284258493,0.0,0.0
17.549213125240936,0.0,0.0
17.56051696622338,0.0,0.0
17.571820807205818,0.0,0.0
17.58312464818826,0.0,0.0
17.594428489170703,0.0,0.0
17.605732330153145,0.0,0.0
17.617036171135588,0.0,0.0
17.62834001211803,0.0,0.0
17.63964385310047,0.0,0.0
17.650947694082912,0.0,0.0
17.662251535065355,0.0,0.0
17.673555376047794,0.0,0.0
17.684859217030237,0.0,0.0
17.69616305801268,0.0,0.0
17.707466898995122,0.0,0.0
17.718770739977565,0.0,0.0
17.730074580960004,0.0,0.0
17.741378421942446,0.0,0.0
17.75268226292489,0.0,0.0
17.76398610390733,0.0,0.0
17.77528994488977,0.0,0.0
17.786593785872213,0.0,0.0
17.797897626854656,0.0,0.0
17.8092014678371,0.0,0.0
17.82050530881954,0.0,0.0
17.83180914980198,0.0,0.0
17.843112990784423,0.0,0.0
17.854416831766866,0.0,0.0
17.865720672749305,0.0,0.0
17.877024513731747,0.0,0.0
17.88832835471419,0.0,0.0
17.899632195696633,0.0,0.0
17.910936036679075,0.0,0.0
17.922239877661518,0.0,0.0
17.933543718643957,0.0,0.0
17.9448475596264,0.0,0.0
17.956151400608842,0.0,0.0
17.96745524159128,0.0,0.0
17.978759082573724,0.0,0.0
17.990062923556167,0.0,0.0
18.00136676453861,0.0,0.0
18.012670605521052,0.0,0.0
18.023974446503495,0.0,0.0
18.035278287485934,0.0,0.0
18.046582128468376,0.0,0.0
18.05788596945082,0.0,0.0
18.069189810433258,0.0,0.0
18.0804936514157,0.0,0.0
18.091797492398143,0.0,0.0
18.103101333380586,0.0,0.0
18.11440517436303,0.0,0.0
18.125709015345468,0.0,0.0
18.13701285632791,0.0,0.0
18.148316697310353,0.0,0.0
18.159620538292796,0.0,0.0
18.170924379275235,0.0,0.0
18.182228220257677,0.0,0.0
18.19353206124012,0.0,0.0
18.204835902222563,0.0,0.0
18.216139743205005,0.0,0.0
18.227443584187444,0.0,0.0
18.238747425169887,0.0,0.0
18.25005126615233,0.0,0.0
18.261355107134772,0.0,0.0
18.27265894811721,0.0,0.0
18.283962789099654,0.0,0.0
18.295266630082097,0.0,0.0
18.30657047106454,0.0,0.0
18.317874312046982,0.0,0.0
18.32917815302942,0.0,0.0
18.340481994011864,0.0,0.0
18.351785834994306,0.0,0.0
18.363089675976745,0.0,0.0
18.374393516959188,0.0,0.0
18.38569735794163,0.0,0.0
18.397001198924073,0.0,0.0
18.408305039906516,0.0,0.0
18.41960888088896,0.0,0.0
18.430912721871398,0.0,0.0
18.44221656285384,0.0,0.0
18.453520403836283,0.0,0.0
18.464824244818722,0.0,0.0
18.476128085801165,0.0,0.0
18.487431926783607,0.0,0.0
18.49873576776605,0.0,0.0
18.510039608748492,0.0,0.0
18.52134344973093,0.0,0.0
18.532647290713374,0.0,0.0
18.543951131695817,0.0,0.0
18.55525497267826,0.0,0.0
18.5665588136607,0.0,0.0
18.57786265464314,0.0,0.0
18.589166495625584,0.0,0.0
18.600470336608026,0.0,0.0
18.61177417759047,0.0,0.0
18.623078018572908,0.0,0.0
18.63438185955535,0.0,0.0
18.645685700537793,0.0,0.0
18.656989541520236,0.0,0.0
18.668293382502675,0.0,0.0
18.679597223485118,0.0,0.0
18.69090106446756,0.0,0.0
18.702204905450003,0.0,0.0
18.713508746432446,0.0,0.0
18.724812587414885,0.0,0.0
18.736116428397327,0.0,0.0
18.74742026937977,0.0,0.0
18.75872411036221,0.0,0.0
18.77002795134465,0.0,0.0
18.781331792327094,0.0,0.0
18.792635633309537,0.0,0.0
18.80393947429198,0.0,0.0
18.815243315274422,0.0,0.0
18.82654715625686,0.0,0.0
18.837850997239304,0.0,0.0
18.849154838221747,0.0,0.0
18.860458679204186,0.0,0.0
18.87176252018663,0.0,0.0
18.88306636116907,0.0,0.0
18.894370202151514,0.0,0.0
18.905674043133956,0.0,0.0
18.9169778841164,0.0,0.0
18.928281725098838,0.0,0.0
18.93958556608128,0.0,0.0
18.950889407063723,0.0,0.0
18.962193248046162,0.0,0.0
18.973497089028605,0.0,0.0
18.984800930011048,0.0,0.0
18.99610477099349,0.0,0.0
19.007408611975933,0.0,0.0
19.018712452958372,0.0,0.0
19.030016293940815,0.0,0.0
19.041320134923257,0.0,0.0
19.0526239759057,0.0,0.0
19.06392781688814,0.0,0.0
19.07523165787058,0.0,0.0
19.086535498853024,0.0,0.0
19.097839339835467,0.0,0.0
19.10914318081791,0.0,0.0
19.12044702180035,0.0,0.0
19.13175086278279,0.0,0.0
19.143054703765234,0.0,0.0
19.154358544747673,0.0,0.0
19.165662385730116,0.0,0.0
19.17696622671256,0.0,0.0
19.188270067695,0.0,0.0
19.199573908677444,0.0,0.0
19.210877749659886,0.0,0.0
19.222181590642325,0.0,0.0
19.233485431624768,0.0,0.0
19.24478927260721,0.0,0.0
19.25609311358965,0.0,0.0
19.267396954572092,0.0,0.0
19.278700795554535,0.0,0.0
19.290004636536978,0.0,0.0
19.30130847751942,0.0,0.0
19.312612318501863,0.0,0.0
19.323916159484302,0.0,0.0
19.335220000466744,0.0,0.0
19.346523841449187,0.0,0.0
19.357827682431626,0.0,0.0
19.36913152341407,0.0,0.0
19.38043536439651,0.0,0.0
19.391739205378954,0.0,0.0
19.403043046361397,0.0,0.0
19.414346887343836,0.0,0.0
19.42565072832628,0.0,0.0
19.43695456930872,0.0,0.0
19.448258410291164,0.0,0.0
19.459562251273603,0.0,0.0
19.470866092256045,0.0,0.0
19.482169933238488,0.0,0.0
19.49347377422093,0.0,0.0
19.504777615203373,0.0,0.0
19.516081456185812,0.0,0.0
19.527385297168255,0.0,0.0
19.538689138150698,0.0,0.0
19.54999297913314,0.0,0.0
19.56129682011558,0.0,0.0
19.572600661098022,0.0,0.0
19.583904502080465,0.0,0.0
19.595208343062907,0.0,0.0
19.60651218404535,0.0,0.0
19.61781602502779,0.0,0.0
19.62911986601023,0.0,0.0
19.640423706992674,0.0,0.0
19.651727547975113,0.0,0.0
19.663031388957556,0.0,0.0
19.67433522994,0.0,0.0
19.68563907092244,0.0,0.0
19.696942911904884,0.0,0.0
19.708246752887327,0.0,0.0
19.719550593869766,0.0,0.0
19.73085443485221,0.0,0.0
19.74215827583465,0.0,0.0
19.75346211681709,0.0,0.0
19.764765957799533,0.0,0.0
19.776069798781975,0.0,0.0
19.787373639764418,0.0,0.0
19.79867748074686,0.0,0.0
19.8099813217293,0.0,0.0
19.821285162711742,0.0,0.0
19.832589003694185,0.0,0.0
19.843892844676628,0.0,0.0
19.855196685659067,0.0,0.0
19.86650052664151,0.0,0.0
19.877804367623952,0.0,0.0
19.889108208606395,0.0,0.0
19.900412049588837,0.0,0.0
19.911715890571276,0.0,0.0
19.92301973155372,0.0,0.0
19.93432357253616,0.0,0.0
19.945627413518604,0.0,0.0
19.956931254501043,0.0,0.0
19.968235095483486,0.0,0.0
19.97953893646593,0.0,0.0
19.99084277744837,0.0,0.0
20.002146618430814,0.0,0.0
20.013450459413253,0.0,0.0
20.024754300395696,0.0,0.0
20.03605814137814,0.0,0.0
20.047361982360577,0.0,0.0
20.05866582334302,0.0,0.0
20.069969664325463,0.0,0.0
20.081273505307905,0.0,0.0
20.092577346290348,0.0,0.0
20.10388118727279,0.0,0.0
20.11518502825523,0.0,0.0
20.126488869237672,0.0,0.0
20.137792710220115,0.0,0.0
20.149096551202554,0.0,0.0
20.160400392184997,0.0,0.0
20.17170423316744,0.0,0.0
20.183008074149882,0.0,0.0
20.194311915132324,0.0,0.0
20.205615756114767,0.0,0.0
20.216919597097206,0.0,0.0
20.22822343807965,0.0,0.0
20.23952727906209,0.0,0.0
20.25083112004453,0.0,0.0
20.262134961026973,0.0,0.0
20.273438802009416,0.0,0.0
20.28474264299186,0.0,0.0
20.2960464839743,0.0,0.0
20.30735032495674,0.0,0.0
20.318654165939183,0.0,0.0
20.329958006921625,0.0,0.0
20.341261847904068,0.0,0.0
20.352565688886507,0.0,0.0
20.36386952986895,0.0,0.0
20.375173370851392,0.0,0.0
20.386477211833835,0.0,0.0
20.397781052816278,0.0,0.0
20.409084893798717,0.0,0.0
20.42038873478116,0.0,0.0
20.431692575763602,0.0,0.0
20.44299641674604,0.0,0.0
20.454300257728484,0.0,0.0
20.465604098710926,0.0,0.0
20.47690793969337,0.0,0.0
20.48821178067581,0.0,0.0
20.499515621658254,0.0,0.0
20.510819462640693,0.0,0.0
20.522123303623136,0.0,0.0
20.53342714460558,0.0,0.0
20.544730985588018,0.0,0.0
20.55603482657046,0.0,0.0
20.567338667552903,0.0,0.0
20.578642508535346,0.0,0.0
20.58994634951779,0.0,0.0
20.60125019050023,0.0,0.0
20.61255403148267,0.0,0.0
20.623857872465113,0.0,0.0
20.635161713447555,0.0,0.0
20.646465554429994,0.0,0.0
20.657769395412437,0.0,0.0
20.66907323639488,0.0,0.0
20.680377077377322,0.0,0.0
20.691680918359765,0.0,0.0
20.702984759342204,0.0,0.0
20.714288600324647,0.0,0.0
20.72559244130709,0.0,0.0
20.736896282289532,0.0,0.0
20.74820012327197,0.0,0.0
20.759503964254414,0.0,0.0
20.770807805236856,0.0,0.0
20.7821116462193,0.0,0.0
20.79341548720174,0.0,0.0
20.80471932818418,0.0,0.0
20.816023169166623,0.0,0.0
20.827327010149066,0.0,0.0
20.83863085113151,0.0,0.0
20.849934692113948,0.0,0.0
20.86123853309639,0.0,0.0
20.872542374078833,0.0,0.0
20.883846215061276,0.0,0.0
20.895150056043718,0.0,0.0
20.906453897026157,0.0,0.0
20.9177577380086,0.0,0.0
20.929061578991043,0.0,0.0
20.94036541997348,0.0,0.0
20.951669260955924,0.0,0.0
20.962973101938367,0.0,0.0
20.97427694292081,0.0,0.0
20.985580783903252,0.0,0.0
20.996884624885695,0.0,0.0
21.008188465868134,0.0,0.0
21.019492306850577,0.0,0.0
21.03079614783302,0.0,0.0
21.04209998881546,0.0,0.0
21.0534038297979,0.0,0.0
21.064707670780344,0.0,0.0
21.076011511762786,0.0,0.0
21.08731535274523,0.0,0.0
21.09861919372767,0.0,0.0
21.10992303471011,0.0,0.0
21.121226875692553,0.0,0.0
21.132530716674996,0.0,0.0
21.143834557657435,0.0,0.0
21.155138398639878,0.0,0.0
21.16644223962232,0.0,0.0
21.177746080604763,0.0,0.0
21.189049921587205,0.0,0.0
21.200353762569645,0.0,0.0
21.211657603552087,0.0,0.0
21.22296144453453,0.0,0.0
21.234265285516972,0.0,0.0
21.24556912649941,0.0,0.0
21.256872967481854,0.0,0.0
21.268176808464297,0.0,0.0
21.27948064944674,0.0,0.0
21.290784490429182,0.0,0.0
21.30208833141162,0.0,0.0
21.313392172394064,0.0,0.0
21.324696013376506,0.0,0.0
21.335999854358946,0.0,0.0
21.347303695341388,0.0,0.0
21.35860753632383,0.0,0.0
21.369911377306273,0.0,0.0
21.381215218288716,0.0,0.0
21.39251905927116,0.0,0.0
21.403822900253598,0.0,0.0
21.41512674123604,0.0,0.0
21.426430582218483,0.0,0.0
21.437734423200922,0.0,0.0
21.449038264183365,0.0,0.0
21.460342105165807,0.0,0.0
21.47164594614825,0.0,0.0
21.482949787130693,0.0,0.0
21.494253628113135,0.0,0.0
21.505557469095574,0.0,0.0
21.516861310078017,0.0,0.0
21.52816515106046,0.0,0.0
21.5394689920429,0.0,0.0
21.55077283302534,0.0,0.0
21.562076674007784,0.0,0.0
21.573380514990227,0.0,0.0
21.58468435597267,0.0,0.0
21.59598819695511,0.0,0.0
21.60729203793755,0.0,0.0
21.618595878919994,0.0,0.0
21.629899719902436,0.0,0.0
21.641203560884875,0.0,0.0
21.652507401867318,0.0,0.0
21.66381124284976,0.0,0.0
21.675115083832203,0.0,0.0
21.686418924814646,0.0,0.0
21.697722765797085,0.0,0.0
21.709026606779528,0.0,0.0
21.72033044776197,0.0,0.0
21.731634288744413,0.0,0.0
21.742938129726852,0.0,0.0
21.754241970709295,0.0,0.0
21.765545811691737,0.0,0.0
21.77684965267418,0.0,0.0
21.788153493656623,0.0,0.0
21.79945733463906,0.0,0.0
21.810761175621504,0.0,0.0
21.822065016603947,0.0,0.0
21.833368857586386,0.0,0.0
21.84467269856883,0.0,0.0
21.85597653955127,0.0,0.0
21.867280380533714,0.0,0.0
21.878584221516157,0.0,0.0
21.8898880624986,0.0,0.0
21.90119190348104,0.0,0.0
21.91249574446348,0.0,0.0
21.923799585445924,0.0,0.0
21.935103426428363,0.0,0.0
21.946407267410805,0.0,0.0
21.957711108393248,0.0,0.0
21.96901494937569,0.0,0.0
21.980318790358133,0.0,0.0
21.991622631340572,0.0,0.0
22.002926472323015,0.0,0.0
22.014230313305458,0.0,0.0
22.0255341542879,0.0,0.0
22.03683799527034,0.0,0.0
22.048141836252782,0.0,0.0
22.059445677235225,0.0,0.0
22.070749518217667,0.0,0.0
22.08205335920011,0.0,0.0
22.09335720018255,0.0,0.0
22.10466104116499,0.0,0.0
22.115964882147434,0.0,0.0
22.127268723129877,0.0,0.0
22.138572564112316,0.0,0.0
22.14987640509476,0.0,0.0
22.1611802460772,0.0,0.0
22.172484087059644,0.0,0.0
22.183787928042086,0.0,0.0
22.195091769024526,0.0,0.0
22.206395610006968,0.0,0.0
22.21769945098941,0.0,0.0
22.22900329197185,0.0,0.0
22.240307132954293,0.0,0.0
22.251610973936735,0.0,0.0
22.262914814919178,0.0,0.0
22.27421865590162,0.0,0.0
22.285522496884063,0.0,0.0
22.296826337866502,0.0,0.0
22.308130178848945,0.0,0.0
22.319434019831387,0.0,0.0
22.330737860813827,0.0,0.0
22.34204170179627,0.0,0.0
22.35334554277871,0.0,0.0
22.364649383761154,0.0,0.0
22.375953224743597,0.0,0.0
22.38725706572604,0.0,0.0
22.39856090670848,0.0,0.0
22.40986474769092,0.0,0.0
22.421168588673364,0.0,0.0
22.432472429655803,0.0,0.0
22.443776270638246,0.0,0.0
22.45508011162069,0.0,0.0
22.46638395260313,0.0,0.0
22.477687793585574,0.0,0.0
22.488991634568013,0.0,0.0
22.500295475550455,0.0,0.0
22.511599316532898,0.0,0.0
22.52290315751534,0.0,0.0
22.53420699849778,0.0,0.0
22.545510839480222,0.0,0.0
22.556814680462665,0.0,0.0
22.568118521445108,0.0,0.0
22.57942236242755,0.0,0.0
22.59072620340999,0.0,0.0
